timestamp,demand_mw,solar_mw,wind_mw
2017-01-01 00:00:00+00:00,66.47677059666667,6.35e-05,0.0
2017-01-01 01:00:00+00:00,57.778526209999995,5.683333333333334e-05,0.0
2017-01-01 02:00:00+00:00,52.08988164,6.3e-05,0.0
2017-01-01 03:00:00+00:00,48.914447548333335,5.983333333333333e-05,0.0
2017-01-01 04:00:00+00:00,47.71463834666667,5.7999999999999994e-05,0.0
2017-01-01 05:00:00+00:00,48.27217814333333,6.583333333333334e-05,0.0
2017-01-01 06:00:00+00:00,49.75869511833333,6.166666666666667e-05,0.0
2017-01-01 07:00:00+00:00,41.54337860333334,6.55e-05,0.0
2017-01-01 08:00:00+00:00,42.53402655833333,0.013763833333333333,0.0
2017-01-01 09:00:00+00:00,49.74641214500001,0.14479999999999998,0.0
2017-01-01 10:00:00+00:00,57.72032408166667,0.2932666666666667,0.0005524894260973941
2017-01-01 11:00:00+00:00,63.06110159333333,0.4080833333333333,0.0
2017-01-01 12:00:00+00:00,64.93047425,0.47884999999999994,0.0
2017-01-01 13:00:00+00:00,65.90832749166665,0.49393333333333334,0.0
2017-01-01 14:00:00+00:00,64.871075335,0.4514166666666667,0.0
2017-01-01 15:00:00+00:00,63.53572299333333,0.3035,0.0
2017-01-01 16:00:00+00:00,62.62190378166667,0.2175166666666667,0.0
2017-01-01 17:00:00+00:00,77.79378661333332,0.102635,0.0
2017-01-01 18:00:00+00:00,89.71009925999999,0.004804833333333334,0.0
2017-01-01 19:00:00+00:00,91.19741265166667,6.0666666666666666e-05,0.0
2017-01-01 20:00:00+00:00,92.271218575,6.216666666666667e-05,0.0
2017-01-01 21:00:00+00:00,88.89396386833332,5.85e-05,0.0
2017-01-01 22:00:00+00:00,80.62179777333334,6.483333333333334e-05,0.0
2017-01-01 23:00:00+00:00,69.75748164833334,6.783333333333335e-05,0.0
2017-01-02 00:00:00+00:00,59.19601315,6.583333333333334e-05,0.0
2017-01-02 01:00:00+00:00,52.50256143333333,7.133333333333334e-05,0.0
2017-01-02 02:00:00+00:00,48.94747217833333,6.850000000000001e-05,0.0
2017-01-02 03:00:00+00:00,47.35817538166666,6.900000000000001e-05,0.0
2017-01-02 04:00:00+00:00,46.92028693666667,7.633333333333332e-05,0.0
2017-01-02 05:00:00+00:00,48.80116750333334,7.199999999999999e-05,0.0
2017-01-02 06:00:00+00:00,53.310127871666666,5.6500000000000005e-05,0.0
2017-01-02 07:00:00+00:00,51.468226820000005,7.583333333333334e-05,0.0
2017-01-02 08:00:00+00:00,52.742611331666666,0.010453666666666667,0.0
2017-01-02 09:00:00+00:00,56.23547502333333,0.128585,0.0
2017-01-02 10:00:00+00:00,61.71698283166667,0.27846666666666664,0.0
2017-01-02 11:00:00+00:00,65.56701249333334,0.40255,0.0
2017-01-02 12:00:00+00:00,67.73205010333334,0.4710833333333333,0.0
2017-01-02 13:00:00+00:00,68.00411211666668,0.484,0.0
2017-01-02 14:00:00+00:00,67.04804649333333,0.4449666666666666,0.0
2017-01-02 15:00:00+00:00,66.81754492166667,0.35301666666666665,0.0
2017-01-02 16:00:00+00:00,66.98528736833333,0.2255666666666667,0.0
2017-01-02 17:00:00+00:00,83.94757332833332,0.08653333333333335,0.0
2017-01-02 18:00:00+00:00,94.24315992833334,0.0036213333333333327,0.0
2017-01-02 19:00:00+00:00,93.90154518166666,5.733333333333334e-05,0.0
2017-01-02 20:00:00+00:00,93.52148932166666,5.8666666666666665e-05,0.0
2017-01-02 21:00:00+00:00,90.33844749666667,5.75e-05,0.0
2017-01-02 22:00:00+00:00,82.21934031833332,7.683333333333334e-05,0.0
2017-01-02 23:00:00+00:00,70.42686216333334,5.8666666666666665e-05,0.0
2017-01-03 00:00:00+00:00,59.67176743833333,7.5e-05,0.0
2017-01-03 01:00:00+00:00,53.04434474833334,6.033333333333333e-05,0.0
2017-01-03 02:00:00+00:00,49.677844478333334,6.833333333333333e-05,0.0
2017-01-03 03:00:00+00:00,47.92950432666667,7.216666666666667e-05,0.0
2017-01-03 04:00:00+00:00,47.335744526666666,6.966666666666668e-05,0.0
2017-01-03 05:00:00+00:00,49.125238831666664,6.4e-05,0.0
2017-01-03 06:00:00+00:00,54.374447446666665,7.866666666666666e-05,0.0
2017-01-03 07:00:00+00:00,53.43553802666666,6.3e-05,0.0
2017-01-03 08:00:00+00:00,54.16783082833333,0.010179333333333334,0.0
2017-01-03 09:00:00+00:00,60.87642400833333,0.12461666666666668,0.0
2017-01-03 10:00:00+00:00,66.31425810666667,0.28151666666666664,0.0
2017-01-03 11:00:00+00:00,70.19175436666667,0.4034666666666667,0.0
2017-01-03 12:00:00+00:00,72.293285505,0.4728,0.0
2017-01-03 13:00:00+00:00,71.99485594000001,0.48925,0.0
2017-01-03 14:00:00+00:00,70.54546623666666,0.44734999999999997,0.0
2017-01-03 15:00:00+00:00,70.18071377,0.3560333333333333,0.0
2017-01-03 16:00:00+00:00,69.87923853333334,0.222,0.0
2017-01-03 17:00:00+00:00,84.65640974,0.08452333333333333,0.0
2017-01-03 18:00:00+00:00,95.65153871000001,0.0038621666666666665,0.0
2017-01-03 19:00:00+00:00,95.48551929666667,6.35e-05,0.0
2017-01-03 20:00:00+00:00,95.41771645666667,7.266666666666667e-05,0.0
2017-01-03 21:00:00+00:00,91.66851834333333,5.8833333333333325e-05,0.0
2017-01-03 22:00:00+00:00,82.99765331166667,6.016666666666667e-05,0.0
2017-01-03 23:00:00+00:00,70.85686639666667,5.983333333333333e-05,0.0
2017-01-04 00:00:00+00:00,61.144037515,5.3666666666666666e-05,0.0
2017-01-04 01:00:00+00:00,53.76141483666666,6.35e-05,0.0
2017-01-04 02:00:00+00:00,50.28813156166666,7.033333333333333e-05,0.0
2017-01-04 03:00:00+00:00,48.678711695,6.05e-05,0.0
2017-01-04 04:00:00+00:00,47.31603764833333,6.333333333333333e-05,0.0
2017-01-04 05:00:00+00:00,49.51907738166667,6.766666666666667e-05,0.0
2017-01-04 06:00:00+00:00,54.654245005,5.316666666666667e-05,0.0
2017-01-04 07:00:00+00:00,53.20724631,6.666666666666667e-05,0.0
2017-01-04 08:00:00+00:00,53.79133941166667,0.012006000000000001,0.0
2017-01-04 09:00:00+00:00,61.26932121166667,0.1322,0.0
2017-01-04 10:00:00+00:00,66.52058144166666,0.28375,0.0
2017-01-04 11:00:00+00:00,70.97373684,0.4083,0.0
2017-01-04 12:00:00+00:00,72.78110619333333,0.48756666666666665,0.0
2017-01-04 13:00:00+00:00,72.06087289499999,0.5020166666666667,0.0
2017-01-04 14:00:00+00:00,70.670476055,0.4516166666666666,0.0
2017-01-04 15:00:00+00:00,70.12950239999999,0.36313333333333336,0.0
2017-01-04 16:00:00+00:00,68.69005859,0.22466666666666665,0.0
2017-01-04 17:00:00+00:00,83.390898795,0.08102833333333334,0.0
2017-01-04 18:00:00+00:00,96.26461063333333,0.0039031666666666668,0.0
2017-01-04 19:00:00+00:00,95.78625955833334,7.25e-05,0.0
2017-01-04 20:00:00+00:00,95.42770808666667,6.533333333333334e-05,0.0
2017-01-04 21:00:00+00:00,91.681019355,5.9166666666666664e-05,0.0
2017-01-04 22:00:00+00:00,83.45505510500001,7.266666666666667e-05,0.0
2017-01-04 23:00:00+00:00,71.713023555,6.766666666666667e-05,0.0
2017-01-05 00:00:00+00:00,60.806170828333336,6.183333333333334e-05,0.0
2017-01-05 01:00:00+00:00,53.72942879,8.066666666666666e-05,0.0
2017-01-05 02:00:00+00:00,49.792287601666665,7.8e-05,0.0
2017-01-05 03:00:00+00:00,48.47992979833333,6.966666666666668e-05,0.0
2017-01-05 04:00:00+00:00,48.116580005,7.283333333333333e-05,0.0
2017-01-05 05:00:00+00:00,49.97496614833333,6.483333333333334e-05,0.0
2017-01-05 06:00:00+00:00,54.50696227333333,6.583333333333334e-05,0.0
2017-01-05 07:00:00+00:00,53.044277978333334,6.666666666666667e-05,0.0
2017-01-05 08:00:00+00:00,54.13412598666666,0.0125,0.0
2017-01-05 09:00:00+00:00,60.84615690666667,0.13653333333333334,0.0
2017-01-05 10:00:00+00:00,65.97526150166667,0.2874333333333333,0.0
2017-01-05 11:00:00+00:00,69.685697155,0.4086666666666667,0.0
2017-01-05 12:00:00+00:00,71.644502895,0.4786666666666667,0.0
2017-01-05 13:00:00+00:00,72.40733922333332,0.4888666666666666,0.0
2017-01-05 14:00:00+00:00,71.255724035,0.44501666666666667,0.0
2017-01-05 15:00:00+00:00,69.73461132,0.33535,0.0
2017-01-05 16:00:00+00:00,68.85572702166667,0.18946666666666667,0.0
2017-01-05 17:00:00+00:00,83.65793636666668,0.06158,0.0
2017-01-05 18:00:00+00:00,96.58306581333333,0.005065499999999999,0.0
2017-01-05 19:00:00+00:00,96.19801088,6.333333333333333e-05,0.0
2017-01-05 20:00:00+00:00,95.67602654,5.566666666666667e-05,0.0
2017-01-05 21:00:00+00:00,91.49010190833334,5.566666666666666e-05,0.0
2017-01-05 22:00:00+00:00,84.19208547333334,6.05e-05,0.0
2017-01-05 23:00:00+00:00,73.23772762666665,5.566666666666667e-05,0.0
2017-01-06 00:00:00+00:00,62.391340615,5.983333333333333e-05,0.0
2017-01-06 01:00:00+00:00,54.99314196333333,7.016666666666667e-05,0.0
2017-01-06 02:00:00+00:00,51.262419363333336,7.333333333333333e-05,0.0
2017-01-06 03:00:00+00:00,49.91463821833333,5.8833333333333325e-05,0.0
2017-01-06 04:00:00+00:00,49.25241603,5.983333333333333e-05,0.0
2017-01-06 05:00:00+00:00,50.88769209666667,5.5e-05,0.0
2017-01-06 06:00:00+00:00,54.64964699166667,6.516666666666666e-05,0.0
2017-01-06 07:00:00+00:00,52.29475389333333,6.766666666666667e-05,0.0
2017-01-06 08:00:00+00:00,53.62681133666666,0.011870666666666667,0.0
2017-01-06 09:00:00+00:00,60.64576618666666,0.09236666666666668,0.0
2017-01-06 10:00:00+00:00,66.78929104833334,0.1341,0.0
2017-01-06 11:00:00+00:00,71.21723651333333,0.2149333333333333,0.0
2017-01-06 12:00:00+00:00,70.58811583333333,0.25765000000000005,0.0
2017-01-06 13:00:00+00:00,71.00839386,0.24004999999999999,0.0
2017-01-06 14:00:00+00:00,69.86774951166667,0.253,0.0
2017-01-06 15:00:00+00:00,69.20428350333334,0.16191666666666665,0.0
2017-01-06 16:00:00+00:00,68.84640114,0.11703333333333335,0.0
2017-01-06 17:00:00+00:00,82.746845995,0.04108333333333333,0.0
2017-01-06 18:00:00+00:00,95.01741520166667,0.0040305,0.0
2017-01-06 19:00:00+00:00,94.30952434000001,5.566666666666667e-05,0.0
2017-01-06 20:00:00+00:00,94.0048017,5.4333333333333324e-05,0.0
2017-01-06 21:00:00+00:00,90.79264965,5.4499999999999997e-05,0.0
2017-01-06 22:00:00+00:00,83.08309236333334,4.9999999999999996e-05,0.0
2017-01-06 23:00:00+00:00,72.59967492,5.2e-05,0.0
2017-01-07 00:00:00+00:00,62.387615046666674,5.733333333333333e-05,0.0
2017-01-07 01:00:00+00:00,55.086426153333335,5.216666666666667e-05,0.0
2017-01-07 02:00:00+00:00,51.59012833333334,4.7166666666666663e-05,0.0
2017-01-07 03:00:00+00:00,49.93021107666667,5.8833333333333325e-05,0.0
2017-01-07 04:00:00+00:00,49.352089385,5.433333333333334e-05,0.0
2017-01-07 05:00:00+00:00,51.194320535,5.616666666666667e-05,0.0
2017-01-07 06:00:00+00:00,54.12437808166667,5.9166666666666664e-05,0.0
2017-01-07 07:00:00+00:00,49.84503519666667,4.883333333333334e-05,0.0
2017-01-07 08:00:00+00:00,51.41278216333334,0.015252,0.0
2017-01-07 09:00:00+00:00,60.109001678333335,0.10819,0.0
2017-01-07 10:00:00+00:00,67.45840837166666,0.27011666666666667,0.0
2017-01-07 11:00:00+00:00,71.39316189666665,0.3828333333333333,0.0
2017-01-07 12:00:00+00:00,72.80051919333334,0.3978666666666666,0.0
2017-01-07 13:00:00+00:00,72.01325162833334,0.25506666666666666,0.0
2017-01-07 14:00:00+00:00,70.49013931833335,0.17786666666666667,0.0
2017-01-07 15:00:00+00:00,68.76763546666668,0.2329333333333333,0.0
2017-01-07 16:00:00+00:00,67.69099565333333,0.2144333333333333,0.0
2017-01-07 17:00:00+00:00,81.74651303,0.075825,0.0
2017-01-07 18:00:00+00:00,93.466482495,0.0048653333333333335,0.0
2017-01-07 19:00:00+00:00,92.44527712,6.799999999999999e-05,0.0
2017-01-07 20:00:00+00:00,91.31553059333334,5.2333333333333336e-05,0.0
2017-01-07 21:00:00+00:00,88.824464855,4.699999999999999e-05,0.0
2017-01-07 22:00:00+00:00,82.32455108333333,6.25e-05,0.0
2017-01-07 23:00:00+00:00,72.65690101333334,5.7499999999999995e-05,0.0
2017-01-08 00:00:00+00:00,61.92700787666667,4.4666666666666664e-05,0.0
2017-01-08 01:00:00+00:00,55.190738870000004,4.6500000000000005e-05,0.0
2017-01-08 02:00:00+00:00,50.91174869333334,4.5833333333333334e-05,0.0
2017-01-08 03:00:00+00:00,48.57236285333333,4.699999999999999e-05,0.0
2017-01-08 04:00:00+00:00,47.86598921833333,5.5e-05,0.0
2017-01-08 05:00:00+00:00,48.676427178333334,5.933333333333333e-05,0.0
2017-01-08 06:00:00+00:00,51.20299740666667,4.6500000000000005e-05,0.0
2017-01-08 07:00:00+00:00,43.471212046666665,6.466666666666666e-05,0.0
2017-01-08 08:00:00+00:00,44.75295336833334,0.007628,0.0
2017-01-08 09:00:00+00:00,51.57111752833333,0.085445,0.0
2017-01-08 10:00:00+00:00,59.80174279333333,0.15209999999999999,0.0
2017-01-08 11:00:00+00:00,65.40860457333333,0.2196833333333333,0.0
2017-01-08 12:00:00+00:00,67.514370395,0.3194,0.0
2017-01-08 13:00:00+00:00,68.10218625,0.25135,0.0
2017-01-08 14:00:00+00:00,66.96354016666668,0.21741666666666665,0.0
2017-01-08 15:00:00+00:00,64.920220575,0.16596666666666668,0.0
2017-01-08 16:00:00+00:00,64.58752928833333,0.14518333333333333,0.0
2017-01-08 17:00:00+00:00,77.67238748333334,0.13396666666666668,0.0
2017-01-08 18:00:00+00:00,90.10256784666667,0.007103000000000001,0.0
2017-01-08 19:00:00+00:00,91.83625382833333,5.6999999999999996e-05,0.0
2017-01-08 20:00:00+00:00,91.28463676833334,6.4e-05,0.0
2017-01-08 21:00:00+00:00,88.33199228499998,7.8e-05,0.0
2017-01-08 22:00:00+00:00,80.43731197000001,4.933333333333333e-05,0.0
2017-01-08 23:00:00+00:00,69.09352413,7.25e-05,0.0
2017-01-09 00:00:00+00:00,59.021968585,5.9999999999999995e-05,0.0
2017-01-09 01:00:00+00:00,52.253507678333335,6.25e-05,0.0
2017-01-09 02:00:00+00:00,49.18694791833334,6.766666666666667e-05,0.0
2017-01-09 03:00:00+00:00,47.112207848333334,5.9166666666666664e-05,0.0
2017-01-09 04:00:00+00:00,46.345039953333334,7.383333333333333e-05,0.0
2017-01-09 05:00:00+00:00,47.50254352166667,6.366666666666666e-05,0.0
2017-01-09 06:00:00+00:00,52.63926119333334,6.283333333333333e-05,0.0
2017-01-09 07:00:00+00:00,51.107482024999996,6.900000000000001e-05,0.0
2017-01-09 08:00:00+00:00,52.60563442666667,0.0061424999999999995,0.0
2017-01-09 09:00:00+00:00,58.78822126166666,0.114605,0.0
2017-01-09 10:00:00+00:00,65.25838668333334,0.31223333333333336,0.0
2017-01-09 11:00:00+00:00,69.70035384666666,0.39381666666666665,0.0
2017-01-09 12:00:00+00:00,71.10909739166667,0.40148333333333336,0.0
2017-01-09 13:00:00+00:00,71.70433797000001,0.4787,0.0
2017-01-09 14:00:00+00:00,70.24831882333334,0.34605,0.0
2017-01-09 15:00:00+00:00,69.34664529333332,0.3383666666666666,0.0
2017-01-09 16:00:00+00:00,67.90152083166667,0.16883333333333334,0.0
2017-01-09 17:00:00+00:00,81.49269171333333,0.08690499999999998,0.0
2017-01-09 18:00:00+00:00,95.51445569,0.0024625,0.0
2017-01-09 19:00:00+00:00,94.60140862333333,5.9166666666666664e-05,0.0
2017-01-09 20:00:00+00:00,93.85906233499999,4.0833333333333334e-05,0.0
2017-01-09 21:00:00+00:00,90.28326745166666,6.583333333333334e-05,0.0
2017-01-09 22:00:00+00:00,81.77886172833333,5.983333333333333e-05,0.0
2017-01-09 23:00:00+00:00,70.09506299166667,6.533333333333334e-05,0.0
2017-01-10 00:00:00+00:00,60.162846933333334,4.633333333333334e-05,0.0
2017-01-10 01:00:00+00:00,53.61890761666666,4.4000000000000006e-05,0.0
2017-01-10 02:00:00+00:00,50.028691599999995,4.116666666666667e-05,0.0
2017-01-10 03:00:00+00:00,48.989666541666665,6.1e-05,0.0
2017-01-10 04:00:00+00:00,48.555888735,4.666666666666667e-05,0.0
2017-01-10 05:00:00+00:00,50.059588911666665,4.966666666666666e-05,0.0
2017-01-10 06:00:00+00:00,54.455189151666666,6.116666666666667e-05,0.0
2017-01-10 07:00:00+00:00,52.93481530166667,7.199999999999999e-05,0.0
2017-01-10 08:00:00+00:00,53.82317357833333,0.0062435,0.0
2017-01-10 09:00:00+00:00,60.769264650000004,0.09702666666666665,0.0
2017-01-10 10:00:00+00:00,67.06946968000001,0.306,0.0
2017-01-10 11:00:00+00:00,71.27994587500001,0.367,0.0
2017-01-10 12:00:00+00:00,72.73151164,0.46090000000000003,0.0
2017-01-10 13:00:00+00:00,72.870369085,0.48940000000000006,0.0
2017-01-10 14:00:00+00:00,72.61433103833333,0.42590000000000006,0.0
2017-01-10 15:00:00+00:00,71.43168366500001,0.24269999999999997,0.0
2017-01-10 16:00:00+00:00,70.87326797166666,0.203725,0.0
2017-01-10 17:00:00+00:00,83.49341969666666,0.09509666666666665,0.0
2017-01-10 18:00:00+00:00,97.11066560833333,0.0052569999999999995,0.0
2017-01-10 19:00:00+00:00,95.46941741166667,7.083333333333332e-05,0.0
2017-01-10 20:00:00+00:00,94.64560433,5.133333333333333e-05,0.0
2017-01-10 21:00:00+00:00,90.77375130333333,5.4833333333333336e-05,0.0
2017-01-10 22:00:00+00:00,83.01715604,4.883333333333333e-05,0.0
2017-01-10 23:00:00+00:00,71.87499748833334,6.533333333333334e-05,0.0
2017-01-11 00:00:00+00:00,62.045992303333335,6.1e-05,0.0
2017-01-11 01:00:00+00:00,54.846456725,5.8166666666666667e-05,0.0
2017-01-11 02:00:00+00:00,50.84552793500001,6.716666666666667e-05,0.0
2017-01-11 03:00:00+00:00,49.30768044,5.933333333333333e-05,0.0
2017-01-11 04:00:00+00:00,48.794087686666664,6.366666666666666e-05,0.0
2017-01-11 05:00:00+00:00,50.044947439999994,6.833333333333335e-05,0.0
2017-01-11 06:00:00+00:00,52.599198441666665,7.866666666666666e-05,0.0
2017-01-11 07:00:00+00:00,45.178953271666664,6.766666666666667e-05,0.0
2017-01-11 08:00:00+00:00,47.75500288666666,0.009397500000000001,0.0
2017-01-11 09:00:00+00:00,55.734283575,0.12874166666666664,0.0
2017-01-11 10:00:00+00:00,64.24121371333334,0.24315,0.0
2017-01-11 11:00:00+00:00,69.80875606166666,0.3698833333333334,0.0
2017-01-11 12:00:00+00:00,71.83738925166666,0.42345,0.0
2017-01-11 13:00:00+00:00,70.98566028166667,0.42390000000000005,0.0
2017-01-11 14:00:00+00:00,70.07805009166667,0.32881666666666665,0.0
2017-01-11 15:00:00+00:00,68.72678086833334,0.3486333333333334,0.0
2017-01-11 16:00:00+00:00,67.357207875,0.16931666666666667,0.0
2017-01-11 17:00:00+00:00,78.99150069166667,0.07687000000000001,0.0
2017-01-11 18:00:00+00:00,94.33134283166667,0.005678166666666666,0.0
2017-01-11 19:00:00+00:00,94.196989355,6.05e-05,0.0
2017-01-11 20:00:00+00:00,94.326065175,6.566666666666666e-05,0.0
2017-01-11 21:00:00+00:00,91.28995413666667,5.8666666666666665e-05,0.0
2017-01-11 22:00:00+00:00,84.08092871666666,4.8333333333333334e-05,0.0
2017-01-11 23:00:00+00:00,72.58276510166667,6.333333333333333e-05,0.0
2017-01-12 00:00:00+00:00,62.13637080333333,6.233333333333334e-05,0.0
2017-01-12 01:00:00+00:00,55.352047588333335,6.283333333333333e-05,0.0
2017-01-12 02:00:00+00:00,51.89839689833333,6.466666666666666e-05,0.0
2017-01-12 03:00:00+00:00,50.196681525,5.9166666666666664e-05,0.0
2017-01-12 04:00:00+00:00,49.744420483333336,6.850000000000001e-05,0.0
2017-01-12 05:00:00+00:00,51.448038056666675,5.6666666666666664e-05,0.0
2017-01-12 06:00:00+00:00,55.64608178833333,5.633333333333334e-05,0.0
2017-01-12 07:00:00+00:00,53.727756883333335,5.9166666666666664e-05,0.0
2017-01-12 08:00:00+00:00,54.883249245,0.0016536666666666668,0.0
2017-01-12 09:00:00+00:00,62.07137510166667,0.03497,0.0
2017-01-12 10:00:00+00:00,67.93274029166668,0.2807166666666666,0.0
2017-01-12 11:00:00+00:00,72.09927275333332,0.29525,0.0
2017-01-12 12:00:00+00:00,74.06997219166666,0.45804999999999996,0.0
2017-01-12 13:00:00+00:00,73.32170944833334,0.54145,0.0
2017-01-12 14:00:00+00:00,72.16858523166665,0.40476666666666666,0.0
2017-01-12 15:00:00+00:00,71.00570025,0.20170000000000002,0.0
2017-01-12 16:00:00+00:00,69.59635614166667,0.15283333333333335,0.0
2017-01-12 17:00:00+00:00,81.48684397833333,0.06263166666666667,0.0
2017-01-12 18:00:00+00:00,96.41715066166667,0.006443000000000001,0.0
2017-01-12 19:00:00+00:00,96.13099079333334,4.966666666666666e-05,0.0
2017-01-12 20:00:00+00:00,95.70814351499999,5.566666666666667e-05,0.0
2017-01-12 21:00:00+00:00,92.344637775,5.683333333333332e-05,0.0
2017-01-12 22:00:00+00:00,84.23503577833333,5.7999999999999994e-05,0.0
2017-01-12 23:00:00+00:00,72.47219404166667,5.3666666666666666e-05,0.0
2017-01-13 00:00:00+00:00,62.025589265,5.733333333333333e-05,0.0
2017-01-13 01:00:00+00:00,55.10621682333333,4.783333333333334e-05,0.0
2017-01-13 02:00:00+00:00,51.71475392166666,4.883333333333333e-05,0.0
2017-01-13 03:00:00+00:00,49.9284404,4.899999999999999e-05,0.0
2017-01-13 04:00:00+00:00,49.33747138833334,4.95e-05,0.0
2017-01-13 05:00:00+00:00,51.186201358333335,5.066666666666667e-05,0.0
2017-01-13 06:00:00+00:00,55.42907386500001,5.0833333333333333e-05,0.0
2017-01-13 07:00:00+00:00,53.211100263333336,5.4499999999999997e-05,0.0
2017-01-13 08:00:00+00:00,53.44234057166667,0.0033738333333333337,0.0
2017-01-13 09:00:00+00:00,59.74810183,0.024614999999999998,0.0
2017-01-13 10:00:00+00:00,65.73616042166665,0.08513666666666667,0.0
2017-01-13 11:00:00+00:00,70.254389595,0.17148333333333335,0.0
2017-01-13 12:00:00+00:00,70.82595862166667,0.21470000000000003,0.0
2017-01-13 13:00:00+00:00,70.61816098666667,0.24,0.0
2017-01-13 14:00:00+00:00,69.62561824666666,0.24728333333333333,0.0
2017-01-13 15:00:00+00:00,68.696422055,0.21971666666666667,0.0
2017-01-13 16:00:00+00:00,68.06195017,0.16735,0.0
2017-01-13 17:00:00+00:00,80.22848329833333,0.06147,0.0
2017-01-13 18:00:00+00:00,94.57155956999998,0.0058435,0.0
2017-01-13 19:00:00+00:00,94.43756725833333,4.15e-05,0.0
2017-01-13 20:00:00+00:00,93.65054411,5.383333333333334e-05,0.0
2017-01-13 21:00:00+00:00,89.99932620166668,5.066666666666667e-05,0.0
2017-01-13 22:00:00+00:00,83.117958385,5.3666666666666666e-05,0.0
2017-01-13 23:00:00+00:00,72.08799208666666,4.233333333333334e-05,0.0
2017-01-14 00:00:00+00:00,62.38142506166667,4.4000000000000006e-05,0.0
2017-01-14 01:00:00+00:00,54.742521035,5.433333333333334e-05,0.0
2017-01-14 02:00:00+00:00,50.96637510666667,6.1e-05,0.0
2017-01-14 03:00:00+00:00,49.285676233333334,5.066666666666667e-05,0.0
2017-01-14 04:00:00+00:00,48.806819284999996,5.2499999999999995e-05,0.0
2017-01-14 05:00:00+00:00,50.340938445,6.166666666666667e-05,0.0
2017-01-14 06:00:00+00:00,53.92755550166667,6.900000000000001e-05,0.0
2017-01-14 07:00:00+00:00,48.70777910333334,7.166666666666667e-05,0.0
2017-01-14 08:00:00+00:00,50.91744619833334,0.010475499999999999,0.0
2017-01-14 09:00:00+00:00,59.03101628166668,0.11477,0.0
2017-01-14 10:00:00+00:00,66.72067719833333,0.1809333333333333,0.0
2017-01-14 11:00:00+00:00,70.76772126333334,0.2667333333333333,0.0
2017-01-14 12:00:00+00:00,72.28096024333334,0.14503333333333332,0.0
2017-01-14 13:00:00+00:00,72.41504969666667,0.1297333333333333,0.0
2017-01-14 14:00:00+00:00,70.330706595,0.30334999999999995,0.0
2017-01-14 15:00:00+00:00,68.55416984499999,0.1525,0.0
2017-01-14 16:00:00+00:00,67.73486885333334,0.12966666666666665,0.0
2017-01-14 17:00:00+00:00,78.34546427333333,0.06557500000000001,0.0
2017-01-14 18:00:00+00:00,93.531865475,0.014250500000000001,0.0
2017-01-14 19:00:00+00:00,93.49853733333335,5.583333333333334e-05,0.0
2017-01-14 20:00:00+00:00,92.47627155166668,4.6500000000000005e-05,0.0
2017-01-14 21:00:00+00:00,88.82185043333334,5.6166666666666665e-05,0.0
2017-01-14 22:00:00+00:00,82.64530647166666,6.55e-05,0.0
2017-01-14 23:00:00+00:00,68.91592513333333,6.05e-05,0.0
2017-01-15 00:00:00+00:00,61.28672507,6.65e-05,0.0
2017-01-15 01:00:00+00:00,53.990491985000006,6.416666666666666e-05,0.0
2017-01-15 02:00:00+00:00,49.511323985,6.05e-05,0.0
2017-01-15 03:00:00+00:00,47.56067630666667,5.133333333333333e-05,0.0
2017-01-15 04:00:00+00:00,46.40942691666666,5.483333333333332e-05,0.0
2017-01-15 05:00:00+00:00,47.29444785500001,5.8166666666666667e-05,0.0
2017-01-15 06:00:00+00:00,49.912069525,5.366666666666666e-05,0.0
2017-01-15 07:00:00+00:00,42.29201867333333,6.833333333333335e-05,0.0
2017-01-15 08:00:00+00:00,43.222276906666664,0.0068035,0.0
2017-01-15 09:00:00+00:00,50.016252298333335,0.09231166666666667,0.0
2017-01-15 10:00:00+00:00,58.775960686666664,0.26309999999999995,0.0
2017-01-15 11:00:00+00:00,63.99623814166667,0.3916166666666666,0.0
2017-01-15 12:00:00+00:00,66.55734892666668,0.4622833333333333,0.0
2017-01-15 13:00:00+00:00,67.56910328000001,0.40571666666666667,0.0
2017-01-15 14:00:00+00:00,66.94446678333334,0.4721333333333334,0.0
2017-01-15 15:00:00+00:00,65.13547540333333,0.36156666666666665,0.0
2017-01-15 16:00:00+00:00,63.469100229999995,0.21221666666666666,0.0
2017-01-15 17:00:00+00:00,73.53703754166666,0.07664166666666666,0.0
2017-01-15 18:00:00+00:00,89.87583214333333,0.009202833333333332,0.0
2017-01-15 19:00:00+00:00,91.82313091500001,6.05e-05,0.0
2017-01-15 20:00:00+00:00,92.87829347833333,5.5e-05,0.0
2017-01-15 21:00:00+00:00,89.91962155166667,5.2499999999999995e-05,0.0
2017-01-15 22:00:00+00:00,83.14741859166666,5.983333333333333e-05,0.0
2017-01-15 23:00:00+00:00,71.45566108333334,7.616666666666667e-05,0.0
2017-01-16 00:00:00+00:00,59.55193005333333,5.433333333333334e-05,0.0
2017-01-16 01:00:00+00:00,50.962879271666665,5.683333333333332e-05,0.0
2017-01-16 02:00:00+00:00,47.531313015,6.183333333333334e-05,0.0
2017-01-16 03:00:00+00:00,46.52331753833334,5.9166666666666664e-05,0.0
2017-01-16 04:00:00+00:00,47.33518934,7.466666666666667e-05,0.0
2017-01-16 05:00:00+00:00,50.32117451333333,6.416666666666666e-05,0.0
2017-01-16 06:00:00+00:00,54.19697672833333,8.133333333333332e-05,0.0
2017-01-16 07:00:00+00:00,52.98455828833333,7.7e-05,0.0
2017-01-16 08:00:00+00:00,53.55179667833333,0.0024828333333333334,0.0
2017-01-16 09:00:00+00:00,60.499839103333336,0.057449999999999994,0.0
2017-01-16 10:00:00+00:00,66.82413560166667,0.1178,0.0
2017-01-16 11:00:00+00:00,71.04001724500002,0.3043333333333333,0.0
2017-01-16 12:00:00+00:00,73.166338915,0.23635,0.0
2017-01-16 13:00:00+00:00,72.96200258833333,0.2627333333333334,0.0
2017-01-16 14:00:00+00:00,71.68575300166667,0.4817166666666666,0.0
2017-01-16 15:00:00+00:00,70.65179244166667,0.3962333333333333,0.0
2017-01-16 16:00:00+00:00,69.11720917333332,0.18334999999999999,0.0
2017-01-16 17:00:00+00:00,79.64244119499999,0.08217166666666667,0.0
2017-01-16 18:00:00+00:00,95.94623786666666,0.009683333333333334,0.0
2017-01-16 19:00:00+00:00,95.15805806666668,5.6166666666666665e-05,0.0
2017-01-16 20:00:00+00:00,94.68648780833333,6.533333333333334e-05,0.0
2017-01-16 21:00:00+00:00,89.44575633833334,6.55e-05,0.0
2017-01-16 22:00:00+00:00,82.58538085,5.3666666666666666e-05,0.0
2017-01-16 23:00:00+00:00,71.16715406,5.7499999999999995e-05,0.0
2017-01-17 00:00:00+00:00,60.52656296166667,5.933333333333333e-05,0.0
2017-01-17 01:00:00+00:00,54.31752750333333,5.683333333333334e-05,0.0
2017-01-17 02:00:00+00:00,51.032412165000004,7.016666666666667e-05,0.0
2017-01-17 03:00:00+00:00,49.84292985333334,7.25e-05,0.0
2017-01-17 04:00:00+00:00,49.03882573166666,7.016666666666667e-05,0.0
2017-01-17 05:00:00+00:00,50.83051397166667,5.9166666666666664e-05,0.0
2017-01-17 06:00:00+00:00,55.15291589833333,6.483333333333334e-05,0.0
2017-01-17 07:00:00+00:00,53.712181425,5.6333333333333325e-05,0.0
2017-01-17 08:00:00+00:00,54.17345034666666,0.014522166666666666,0.0
2017-01-17 09:00:00+00:00,60.999171948333334,0.14275,0.0
2017-01-17 10:00:00+00:00,66.82293021666666,0.30023333333333335,0.0
2017-01-17 11:00:00+00:00,70.64383643500001,0.4288833333333334,0.0
2017-01-17 12:00:00+00:00,73.1482994,0.50565,0.0
2017-01-17 13:00:00+00:00,72.36696032,0.5358,0.0
2017-01-17 14:00:00+00:00,70.88587502500002,0.478,0.0
2017-01-17 15:00:00+00:00,71.191551345,0.3872166666666667,0.0
2017-01-17 16:00:00+00:00,69.80774151333333,0.20291666666666666,0.0
2017-01-17 17:00:00+00:00,79.58669306,0.053606666666666664,0.0
2017-01-17 18:00:00+00:00,97.08541258833333,0.007923999999999999,0.0
2017-01-17 19:00:00+00:00,97.08484178666667,7.45e-05,0.0
2017-01-17 20:00:00+00:00,96.73095274333333,6.716666666666667e-05,0.0
2017-01-17 21:00:00+00:00,92.91872791666665,7.25e-05,0.0
2017-01-17 22:00:00+00:00,83.545296225,7.216666666666667e-05,0.0
2017-01-17 23:00:00+00:00,71.36653206833334,7.066666666666667e-05,0.0
2017-01-18 00:00:00+00:00,61.18115432666667,6.366666666666666e-05,0.0
2017-01-18 01:00:00+00:00,54.43585953333334,5.3666666666666666e-05,0.0
2017-01-18 02:00:00+00:00,51.123739793333336,7.549999999999999e-05,0.0
2017-01-18 03:00:00+00:00,49.707935286666675,6.1e-05,0.0
2017-01-18 04:00:00+00:00,49.08635591666666,6.1e-05,0.0
2017-01-18 05:00:00+00:00,50.669587205000006,5.933333333333333e-05,0.0
2017-01-18 06:00:00+00:00,55.372426026666666,6.383333333333334e-05,0.0
2017-01-18 07:00:00+00:00,53.82455320833334,6.466666666666666e-05,0.0
2017-01-18 08:00:00+00:00,56.634352855,0.006433166666666666,0.0
2017-01-18 09:00:00+00:00,64.43612179166666,0.026728333333333337,0.0
2017-01-18 10:00:00+00:00,72.39348867666666,0.06198666666666667,0.0
2017-01-18 11:00:00+00:00,77.63481405166667,0.08250333333333333,0.0
2017-01-18 12:00:00+00:00,80.22162984500001,0.23038333333333333,0.0
2017-01-18 13:00:00+00:00,81.33515937166666,0.46821666666666667,0.0
2017-01-18 14:00:00+00:00,81.12878487333332,0.21975,0.0
2017-01-18 15:00:00+00:00,81.22783934500002,0.20429999999999998,0.0
2017-01-18 16:00:00+00:00,81.06201537,0.16623333333333332,0.0
2017-01-18 17:00:00+00:00,89.23687012833332,0.05637999999999999,0.0
2017-01-18 18:00:00+00:00,102.08899050666665,0.005618,0.0
2017-01-18 19:00:00+00:00,101.59887473666666,6.900000000000001e-05,0.0
2017-01-18 20:00:00+00:00,98.78303889166665,7.549999999999999e-05,0.0
2017-01-18 21:00:00+00:00,93.37922511500001,6.9e-05,0.0
2017-01-18 22:00:00+00:00,84.67706992000001,5.4999999999999995e-05,0.0
2017-01-18 23:00:00+00:00,71.39071020666667,5.983333333333333e-05,0.0
2017-01-19 00:00:00+00:00,61.112819998333336,5.9999999999999995e-05,0.0
2017-01-19 01:00:00+00:00,54.60820374833333,7.083333333333332e-05,0.0
2017-01-19 02:00:00+00:00,51.03347536333334,6.9e-05,0.0
2017-01-19 03:00:00+00:00,49.676366914999996,6.966666666666668e-05,0.0
2017-01-19 04:00:00+00:00,48.87352801333333,7.35e-05,0.0
2017-01-19 05:00:00+00:00,50.51807994666667,7.633333333333334e-05,0.0
2017-01-19 06:00:00+00:00,54.493359510000005,7.283333333333333e-05,0.0
2017-01-19 07:00:00+00:00,52.87753117333333,7.199999999999999e-05,0.0
2017-01-19 08:00:00+00:00,54.47932478833334,0.0025766666666666668,0.0
2017-01-19 09:00:00+00:00,61.232800141666665,0.032806666666666665,0.0
2017-01-19 10:00:00+00:00,68.09582601333334,0.21735,0.0
2017-01-19 11:00:00+00:00,73.11765247666665,0.1947,0.0
2017-01-19 12:00:00+00:00,75.77165738000001,0.17338333333333333,0.0
2017-01-19 13:00:00+00:00,76.28499084833332,0.4079166666666667,0.0
2017-01-19 14:00:00+00:00,76.02757354833332,0.13921666666666666,0.0
2017-01-19 15:00:00+00:00,76.71603595666666,0.10055,0.0
2017-01-19 16:00:00+00:00,75.893750525,0.091185,0.0
2017-01-19 17:00:00+00:00,85.87556514166667,0.02616833333333333,0.0
2017-01-19 18:00:00+00:00,101.28654107833333,0.006676166666666667,0.0
2017-01-19 19:00:00+00:00,101.01581310999998,6.083333333333333e-05,0.0
2017-01-19 20:00:00+00:00,100.98224432666667,5.8666666666666665e-05,0.0
2017-01-19 21:00:00+00:00,96.922612545,5.683333333333332e-05,0.0
2017-01-19 22:00:00+00:00,88.40515326166667,6.966666666666668e-05,0.0
2017-01-19 23:00:00+00:00,75.56508691500001,6.7e-05,0.0
2017-01-20 00:00:00+00:00,63.54999748333334,4.95e-05,0.0
2017-01-20 01:00:00+00:00,55.74911516,6.233333333333334e-05,0.0
2017-01-20 02:00:00+00:00,51.74114887833334,5.5833333333333326e-05,0.0
2017-01-20 03:00:00+00:00,49.833881551666664,5.7999999999999994e-05,0.0
2017-01-20 04:00:00+00:00,49.34501878166666,4.9999999999999996e-05,0.0
2017-01-20 05:00:00+00:00,50.729762138333335,6.116666666666667e-05,0.0
2017-01-20 06:00:00+00:00,54.698436558333334,7.133333333333334e-05,0.00555394005326297
2017-01-20 07:00:00+00:00,51.95992319666667,5.6333333333333325e-05,0.005021359245433872
2017-01-20 08:00:00+00:00,53.826227296666666,0.007017500000000001,0.0
2017-01-20 09:00:00+00:00,61.26860990666667,0.08227166666666666,0.0
2017-01-20 10:00:00+00:00,68.268167065,0.34340000000000004,0.009653518505766396
2017-01-20 11:00:00+00:00,73.21692020500001,0.4532833333333333,0.0
2017-01-20 12:00:00+00:00,73.464352715,0.6144,0.0
2017-01-20 13:00:00+00:00,74.60273566666666,0.11510833333333334,0.0
2017-01-20 14:00:00+00:00,74.009846005,0.044044999999999994,0.0
2017-01-20 15:00:00+00:00,72.22477817833334,0.027606666666666665,0.0
2017-01-20 16:00:00+00:00,69.45609664166666,0.023753333333333335,0.0
2017-01-20 17:00:00+00:00,77.68103796666666,0.016926666666666666,0.0
2017-01-20 18:00:00+00:00,96.13256512833333,0.005151166666666667,0.0
2017-01-20 19:00:00+00:00,97.31511076166667,5.9999999999999995e-05,0.0
2017-01-20 20:00:00+00:00,97.04694922833333,5.8166666666666667e-05,0.0
2017-01-20 21:00:00+00:00,97.03087762166666,5.266666666666667e-05,0.0
2017-01-20 22:00:00+00:00,90.18149521000001,4.766666666666666e-05,0.0
2017-01-20 23:00:00+00:00,77.91775084166667,6.05e-05,0.0
2017-01-21 00:00:00+00:00,65.67174240666667,6.033333333333333e-05,0.0
2017-01-21 01:00:00+00:00,57.46317282166667,5.683333333333332e-05,0.0
2017-01-21 02:00:00+00:00,53.22069283333333,5.3e-05,0.0
2017-01-21 03:00:00+00:00,51.19959096166666,6.166666666666667e-05,0.0
2017-01-21 04:00:00+00:00,50.204300358333334,5.683333333333332e-05,0.0
2017-01-21 05:00:00+00:00,51.593972445,6.716666666666667e-05,0.0
2017-01-21 06:00:00+00:00,54.38397447,6.116666666666667e-05,0.0
2017-01-21 07:00:00+00:00,48.77942978333334,6.116666666666667e-05,0.0
2017-01-21 08:00:00+00:00,51.44899023166667,0.013721000000000002,0.0
2017-01-21 09:00:00+00:00,60.504562685,0.15073333333333333,6.920154646776402e-05
2017-01-21 10:00:00+00:00,68.27571823999999,0.3405,0.0
2017-01-21 11:00:00+00:00,73.03617921499999,0.5049666666666667,0.0
2017-01-21 12:00:00+00:00,74.43520364166666,0.48805,0.0
2017-01-21 13:00:00+00:00,74.92837940000001,0.4595333333333333,0.0
2017-01-21 14:00:00+00:00,73.82111553833334,0.4707,0.0
2017-01-21 15:00:00+00:00,72.60075562833335,0.3566,0.0
2017-01-21 16:00:00+00:00,70.75887149,0.21331666666666668,0.0
2017-01-21 17:00:00+00:00,78.97827594333333,0.125975,0.0
2017-01-21 18:00:00+00:00,98.05462825333333,0.006207833333333333,0.0
2017-01-21 19:00:00+00:00,98.96760986333335,5.8666666666666665e-05,0.0
2017-01-21 20:00:00+00:00,98.35640642999999,6.65e-05,0.0
2017-01-21 21:00:00+00:00,94.78257096499999,6.500000000000001e-05,0.0
2017-01-21 22:00:00+00:00,88.21472489333334,5.85e-05,0.0
2017-01-21 23:00:00+00:00,78.07068697000001,5.85e-05,0.0
2017-01-22 00:00:00+00:00,65.34903644333333,6.65e-05,0.0
2017-01-22 01:00:00+00:00,57.03840556666667,6.500000000000001e-05,0.0
2017-01-22 02:00:00+00:00,51.69153531999999,7.45e-05,0.0
2017-01-22 03:00:00+00:00,49.44489361333333,6.283333333333333e-05,0.0
2017-01-22 04:00:00+00:00,47.83680755,5.583333333333334e-05,0.0
2017-01-22 05:00:00+00:00,48.85490638,6.65e-05,0.0
2017-01-22 06:00:00+00:00,50.83639789666667,5.9999999999999995e-05,0.0
2017-01-22 07:00:00+00:00,42.4721694135,6.233333333333334e-05,0.0
2017-01-22 08:00:00+00:00,44.25201722766667,0.007296499999999999,0.0
2017-01-22 09:00:00+00:00,51.389314543333334,0.10747833333333334,0.0
2017-01-22 10:00:00+00:00,59.473032251666666,0.17716666666666667,0.0
2017-01-22 11:00:00+00:00,64.92836502333333,0.178,0.0
2017-01-22 12:00:00+00:00,66.89031174666667,0.2314,0.0
2017-01-22 13:00:00+00:00,68.77323532999999,0.19504999999999997,0.0
2017-01-22 14:00:00+00:00,67.94941789333333,0.17435,0.0
2017-01-22 15:00:00+00:00,66.32702157833333,0.146,0.0
2017-01-22 16:00:00+00:00,64.01582119333334,0.09080166666666668,0.0
2017-01-22 17:00:00+00:00,72.09005243166668,0.06723666666666667,0.0
2017-01-22 18:00:00+00:00,91.607636045,0.011325000000000002,0.0
2017-01-22 19:00:00+00:00,93.71796852166666,6.833333333333333e-05,0.0
2017-01-22 20:00:00+00:00,95.27507727333332,5.4499999999999997e-05,0.0
2017-01-22 21:00:00+00:00,92.973167285,6.35e-05,0.0
2017-01-22 22:00:00+00:00,86.06880396833333,6.433333333333334e-05,0.0
2017-01-22 23:00:00+00:00,73.51731528500001,6.183333333333334e-05,0.0
2017-01-23 00:00:00+00:00,61.987109419999996,5.6166666666666665e-05,0.0
2017-01-23 01:00:00+00:00,54.99459258833333,5.8666666666666665e-05,0.0
2017-01-23 02:00:00+00:00,51.471499318333336,6.85e-05,0.0
2017-01-23 03:00:00+00:00,49.64219626166666,6.95e-05,0.0
2017-01-23 04:00:00+00:00,49.38151314333333,6.716666666666667e-05,0.0
2017-01-23 05:00:00+00:00,50.968344483333325,5.5e-05,0.0
2017-01-23 06:00:00+00:00,54.87497134333333,5.633333333333334e-05,0.0
2017-01-23 07:00:00+00:00,51.220694245000004,5.683333333333332e-05,0.0
2017-01-23 08:00:00+00:00,53.836589665,0.022238166666666666,0.0
2017-01-23 09:00:00+00:00,61.017130306666665,0.20720000000000002,0.0
2017-01-23 10:00:00+00:00,68.19932461833334,0.31681666666666664,0.0
2017-01-23 11:00:00+00:00,73.27546890333333,0.42813333333333337,0.0
2017-01-23 12:00:00+00:00,76.24374240833335,0.5411166666666667,0.0
2017-01-23 13:00:00+00:00,76.07034784833333,0.5272166666666667,0.0
2017-01-23 14:00:00+00:00,75.01558689499998,0.43495,0.0
2017-01-23 15:00:00+00:00,73.42999034333334,0.21475,0.0
2017-01-23 16:00:00+00:00,72.73573788833333,0.25055,0.0
2017-01-23 17:00:00+00:00,81.30425226666668,0.13885,0.0
2017-01-23 18:00:00+00:00,98.12453855000001,0.015560166666666667,0.0
2017-01-23 19:00:00+00:00,98.30367462833334,6.666666666666667e-05,0.0
2017-01-23 20:00:00+00:00,98.32317870833334,6.733333333333335e-05,0.0
2017-01-23 21:00:00+00:00,95.25931298333332,6.183333333333334e-05,0.0
2017-01-23 22:00:00+00:00,86.85203951333332,6.733333333333333e-05,0.0
2017-01-23 23:00:00+00:00,74.34368351,6.716666666666667e-05,0.0
2017-01-24 00:00:00+00:00,63.30753661166667,6.416666666666666e-05,0.0
2017-01-24 01:00:00+00:00,55.72737515666667,6.716666666666667e-05,0.0
2017-01-24 02:00:00+00:00,52.14839006999999,5.5499999999999994e-05,0.0
2017-01-24 03:00:00+00:00,50.47353392666666,4.883333333333333e-05,0.0
2017-01-24 04:00:00+00:00,50.020870914999996,6.116666666666667e-05,0.0
2017-01-24 05:00:00+00:00,51.89947910666667,4.95e-05,0.0
2017-01-24 06:00:00+00:00,55.572591385,5.7499999999999995e-05,0.0
2017-01-24 07:00:00+00:00,50.37326786,5.6e-05,0.0
2017-01-24 08:00:00+00:00,53.53522915,0.016710833333333334,0.0
2017-01-24 09:00:00+00:00,61.26145307833333,0.1569833333333333,0.0
2017-01-24 10:00:00+00:00,66.21720282,0.32,0.0
2017-01-24 11:00:00+00:00,68.25620556999999,0.45466666666666666,0.0
2017-01-24 12:00:00+00:00,70.67788404999999,0.5335,0.0
2017-01-24 13:00:00+00:00,71.64013760166667,0.5589166666666666,0.0
2017-01-24 14:00:00+00:00,72.05118372333334,0.5284333333333333,0.0
2017-01-24 15:00:00+00:00,72.89895746333335,0.44115000000000004,0.0
2017-01-24 16:00:00+00:00,70.63908327666667,0.3006,0.0
2017-01-24 17:00:00+00:00,78.65391441666667,0.14158333333333334,0.0
2017-01-24 18:00:00+00:00,96.95678109166667,0.01583666666666667,0.0
2017-01-24 19:00:00+00:00,96.191553165,6.283333333333333e-05,0.0
2017-01-24 20:00:00+00:00,96.03578649333333,7.083333333333332e-05,0.0
2017-01-24 21:00:00+00:00,94.96001068166665,6.116666666666667e-05,0.0
2017-01-24 22:00:00+00:00,87.59625325166667,5.933333333333333e-05,0.0
2017-01-24 23:00:00+00:00,74.42871661500001,6.233333333333334e-05,0.0
2017-01-25 00:00:00+00:00,63.37471753333333,6.033333333333333e-05,0.0
2017-01-25 01:00:00+00:00,55.87857123666667,4.633333333333334e-05,0.0
2017-01-25 02:00:00+00:00,51.78989952333333,5.6500000000000005e-05,0.0
2017-01-25 03:00:00+00:00,50.66013965,6.850000000000001e-05,0.0
2017-01-25 04:00:00+00:00,50.22165758,6.533333333333334e-05,0.0
2017-01-25 05:00:00+00:00,51.86666238833333,6.6e-05,0.0
2017-01-25 06:00:00+00:00,55.75102683,7.333333333333333e-05,0.0
2017-01-25 07:00:00+00:00,50.436886595,8.683333333333333e-05,0.0
2017-01-25 08:00:00+00:00,53.22747715,0.019825500000000003,0.0
2017-01-25 09:00:00+00:00,61.21861858833333,0.16343333333333335,0.00964093024537038
2017-01-25 10:00:00+00:00,68.11785438333332,0.3236833333333333,0.00964344702143982
2017-01-25 11:00:00+00:00,73.12118213666668,0.45516666666666666,0.009635898006979376
2017-01-25 12:00:00+00:00,75.01746945666667,0.5355166666666668,0.0069557177393689985
2017-01-25 13:00:00+00:00,75.084027655,0.5576,0.0
2017-01-25 14:00:00+00:00,74.08655589333334,0.5261333333333333,0.0
2017-01-25 15:00:00+00:00,72.76952405666668,0.43825,0.0
2017-01-25 16:00:00+00:00,70.753889375,0.3030833333333333,0.0
2017-01-25 17:00:00+00:00,78.58504561166666,0.14618333333333333,0.0
2017-01-25 18:00:00+00:00,97.06085593499998,0.022231333333333336,0.0
2017-01-25 19:00:00+00:00,97.57397818333334,8.55e-05,0.0
2017-01-25 20:00:00+00:00,97.5046344,4.8333333333333334e-05,0.0
2017-01-25 21:00:00+00:00,94.46965465666665,6.533333333333334e-05,0.0
2017-01-25 22:00:00+00:00,87.391700275,5.3e-05,0.0
2017-01-25 23:00:00+00:00,74.54040402166667,5.066666666666667e-05,0.0
2017-01-26 00:00:00+00:00,63.66493741833333,6.25e-05,0.0
2017-01-26 01:00:00+00:00,56.39695204833333,5.6999999999999996e-05,0.0
2017-01-26 02:00:00+00:00,52.39940714,6.65e-05,0.0
2017-01-26 03:00:00+00:00,50.87179457999999,7.083333333333332e-05,0.0
2017-01-26 04:00:00+00:00,50.161077686666665,6.783333333333335e-05,0.0
2017-01-26 05:00:00+00:00,52.22221310333334,6.283333333333333e-05,0.0
2017-01-26 06:00:00+00:00,55.191023154999996,7.383333333333332e-05,0.0
2017-01-26 07:00:00+00:00,50.2322497,6.05e-05,0.0
2017-01-26 08:00:00+00:00,53.05342757833333,0.019475166666666665,0.0
2017-01-26 09:00:00+00:00,61.49110666333333,0.1572666666666667,0.0
2017-01-26 10:00:00+00:00,68.68051000166668,0.31615,0.0
2017-01-26 11:00:00+00:00,74.05933395833333,0.44686666666666663,0.0
2017-01-26 12:00:00+00:00,75.85994623666667,0.5258333333333334,0.0
2017-01-26 13:00:00+00:00,75.27342248666666,0.5496666666666666,0.0
2017-01-26 14:00:00+00:00,73.96816903666667,0.5164333333333333,0.0
2017-01-26 15:00:00+00:00,74.453758665,0.42891666666666667,0.0
2017-01-26 16:00:00+00:00,74.66402097333334,0.29481666666666667,0.0
2017-01-26 17:00:00+00:00,82.53871252166668,0.1412,0.0
2017-01-26 18:00:00+00:00,99.21107046833333,0.021812166666666667,0.0
2017-01-26 19:00:00+00:00,98.94752328000001,7.316666666666667e-05,0.0
2017-01-26 20:00:00+00:00,99.04784310333335,4.4000000000000006e-05,0.0
2017-01-26 21:00:00+00:00,94.88618562833334,5.55e-05,0.0
2017-01-26 22:00:00+00:00,87.022786275,5.8166666666666667e-05,0.0
2017-01-26 23:00:00+00:00,75.437973145,5.983333333333333e-05,0.0
2017-01-27 00:00:00+00:00,63.86870504333333,5.8666666666666665e-05,0.0
2017-01-27 01:00:00+00:00,56.39497707499999,7.566666666666666e-05,0.0
2017-01-27 02:00:00+00:00,52.631129826666665,5.533333333333334e-05,0.0
2017-01-27 03:00:00+00:00,50.69011269166667,6.233333333333334e-05,0.0
2017-01-27 04:00:00+00:00,50.123889909999995,5.9999999999999995e-05,0.0
2017-01-27 05:00:00+00:00,51.73968179166666,7.316666666666667e-05,0.0
2017-01-27 06:00:00+00:00,53.99836875833333,7.083333333333332e-05,0.0
2017-01-27 07:00:00+00:00,49.83755939333333,8.116666666666667e-05,0.0
2017-01-27 08:00:00+00:00,53.154538888333335,0.0201755,0.0
2017-01-27 09:00:00+00:00,62.402313531666664,0.15728333333333333,0.0
2017-01-27 10:00:00+00:00,69.61904258499999,0.31501666666666667,0.0
2017-01-27 11:00:00+00:00,74.05014566166668,0.44525,0.0
2017-01-27 12:00:00+00:00,73.80648141,0.5159166666666666,0.0
2017-01-27 13:00:00+00:00,75.38936347333333,0.5297999999999999,0.0
2017-01-27 14:00:00+00:00,74.21250894166666,0.48584999999999995,0.0
2017-01-27 15:00:00+00:00,73.51228515166667,0.4351666666666667,0.0
2017-01-27 16:00:00+00:00,73.50685072,0.29569999999999996,0.0
2017-01-27 17:00:00+00:00,80.60825742666668,0.13925,0.0
2017-01-27 18:00:00+00:00,97.20751340333335,0.025534666666666667,0.0
2017-01-27 19:00:00+00:00,95.98646137666667,0.0001085,0.0
2017-01-27 20:00:00+00:00,96.168871525,6.4e-05,0.0
2017-01-27 21:00:00+00:00,93.55197811666666,6.3e-05,0.0
2017-01-27 22:00:00+00:00,86.77678731333333,5.6166666666666665e-05,0.0
2017-01-27 23:00:00+00:00,75.86119473000001,7.133333333333334e-05,0.0
2017-01-28 00:00:00+00:00,65.01917329166666,6.783333333333335e-05,0.0
2017-01-28 01:00:00+00:00,56.883275055,6.516666666666666e-05,0.0
2017-01-28 02:00:00+00:00,52.684891390000004,6.233333333333334e-05,0.0
2017-01-28 03:00:00+00:00,50.694364025,5.55e-05,0.0
2017-01-28 04:00:00+00:00,49.74125002333333,5.7666666666666675e-05,0.0
2017-01-28 05:00:00+00:00,51.440432101666666,6.9e-05,0.0
2017-01-28 06:00:00+00:00,53.227107028333336,6.466666666666666e-05,0.0
2017-01-28 07:00:00+00:00,46.05567116833333,6.533333333333334e-05,0.0
2017-01-28 08:00:00+00:00,49.79919972333334,0.022327166666666665,0.0
2017-01-28 09:00:00+00:00,58.70958838833334,0.16251666666666667,0.0
2017-01-28 10:00:00+00:00,66.097813305,0.32081666666666664,0.0
2017-01-28 11:00:00+00:00,71.43369557666666,0.44781666666666664,0.009666117719142154
2017-01-28 12:00:00+00:00,73.338891265,0.52885,0.009676204979188892
2017-01-28 13:00:00+00:00,73.64691496166665,0.5526833333333334,0.009676204979188892
2017-01-28 14:00:00+00:00,72.12524326166667,0.5191166666666667,0.009658556876492409
2017-01-28 15:00:00+00:00,69.64754774666666,0.43068333333333336,0.009658556876492409
2017-01-28 16:00:00+00:00,68.01687130833334,0.29338333333333333,0.009661076719129446
2017-01-28 17:00:00+00:00,73.30257411333334,0.14095000000000002,0.009650999977601226
2017-01-28 18:00:00+00:00,93.29624569666666,0.0242155,0.009653518505766396
2017-01-28 19:00:00+00:00,93.98637508000002,0.000102,0.009693874566529486
2017-01-28 20:00:00+00:00,93.57574235666667,6.900000000000001e-05,0.009656037472050757
2017-01-28 21:00:00+00:00,91.25976079666667,4.933333333333333e-05,0.009681251239832602
2017-01-28 22:00:00+00:00,85.49460440833334,4.5833333333333334e-05,0.009635898006979376
2017-01-28 23:00:00+00:00,76.51206548333334,6.033333333333333e-05,0.009613274603515725
2017-01-29 00:00:00+00:00,65.03435982666667,5.566666666666666e-05,0.00963338254458162
2017-01-29 01:00:00+00:00,56.505322928333335,6.0666666666666666e-05,0.00964093024537038
2017-01-29 02:00:00+00:00,51.39985642833332,7.25e-05,0.00962583878412209
2017-01-29 03:00:00+00:00,48.80856669333333,5.783333333333333e-05,0.00964344702143982
2017-01-29 04:00:00+00:00,47.85491354333334,5.7999999999999994e-05,0.009686299254629627
2017-01-29 05:00:00+00:00,49.22424873,4.833333333333334e-05,0.009671160472393683
2017-01-29 06:00:00+00:00,50.084042415000006,5.9499999999999996e-05,0.009681251239832602
2017-01-29 07:00:00+00:00,41.935696875000005,6.916666666666666e-05,0.00967368250657928
2017-01-29 08:00:00+00:00,43.376461434999996,0.022964333333333333,0.009688823919930907
2017-01-29 09:00:00+00:00,50.18380766666667,0.15881666666666666,0.009691349023884816
2017-01-29 10:00:00+00:00,58.261906785,0.3176666666666667,0.00964093024537038
2017-01-29 11:00:00+00:00,63.72735322500001,0.4598333333333333,0.009648481887517152
2017-01-29 12:00:00+00:00,66.06651572,0.5031666666666667,0.009678727890260634
2017-01-29 13:00:00+00:00,66.79191049166667,0.5706666666666667,0.009653518505766396
2017-01-29 14:00:00+00:00,65.448102285,0.5484333333333333,0.009668638876594018
2017-01-29 15:00:00+00:00,63.631088516666665,0.46409999999999996,0.009681251239832602
2017-01-29 16:00:00+00:00,61.51094414833333,0.2664166666666667,0.00967368250657928
2017-01-29 17:00:00+00:00,66.42857539666667,0.10158833333333332,0.009691349023884828
2017-01-29 18:00:00+00:00,86.03302913166667,0.020205333333333332,0.00967368250657928
2017-01-29 19:00:00+00:00,87.02031385,0.00014933333333333335,0.009709037037037035
2017-01-29 20:00:00+00:00,87.68069442166666,5.983333333333333e-05,0.00969892696804349
2017-01-29 21:00:00+00:00,89.51522322000001,7.516666666666667e-05,0.009701453826989028
2017-01-29 22:00:00+00:00,85.04964202166667,6.583333333333334e-05,0.009693874566529486
2017-01-29 23:00:00+00:00,74.91169777333333,5.683333333333334e-05,0.00966359700000001
2017-01-30 00:00:00+00:00,63.691736091666655,7.016666666666667e-05,0.009686299254629627
2017-01-30 01:00:00+00:00,55.58264088666667,5.7999999999999994e-05,0.009668638876594018
2017-01-30 02:00:00+00:00,51.42640309666666,6.0666666666666666e-05,0.00966359700000001
2017-01-30 03:00:00+00:00,49.80150335666666,6.133333333333332e-05,0.009681251239832602
2017-01-30 04:00:00+00:00,49.27858681666666,6.633333333333334e-05,0.009671160472393683
2017-01-30 05:00:00+00:00,50.677139419999996,6.216666666666667e-05,0.00967368250657928
2017-01-30 06:00:00+00:00,52.57878652166667,5.8833333333333325e-05,0.009676204979188892
2017-01-30 07:00:00+00:00,45.585479998333334,6.35e-05,0.009648481887517138
2017-01-30 08:00:00+00:00,50.333350610000004,0.008924166666666667,0.009628352933191073
2017-01-30 09:00:00+00:00,58.30711687,0.057359999999999994,0.009615786564465535
2017-01-30 10:00:00+00:00,65.87523885166667,0.15811666666666668,0.009640930245370369
2017-01-30 11:00:00+00:00,70.79642189333333,0.22479999999999997,0.009625838784122074
2017-01-30 12:00:00+00:00,73.04170295666665,0.5636833333333333,0.009648481887517152
2017-01-30 13:00:00+00:00,73.14639879666666,0.24825,0.00964093024537038
2017-01-30 14:00:00+00:00,72.20882324166666,0.20395000000000002,0.00964344702143982
2017-01-30 15:00:00+00:00,70.77023499666667,0.09544666666666667,0.00964344702143982
2017-01-30 16:00:00+00:00,69.07094085166668,0.06290166666666666,0.00962583878412209
2017-01-30 17:00:00+00:00,74.49579221333333,0.057431666666666666,0.009605741345571045
2017-01-30 18:00:00+00:00,93.56939885833334,0.007443000000000001,0.009615786564465535
2017-01-30 19:00:00+00:00,94.321595325,6.116666666666667e-05,0.009605741345571045
2017-01-30 20:00:00+00:00,94.79588119,3.3e-05,0.009600721360647515
2017-01-30 21:00:00+00:00,92.43138050166668,4.05e-05,0.009610763080075446
2017-01-30 22:00:00+00:00,86.34320117333334,3.183333333333333e-05,0.009608251994106585
2017-01-30 23:00:00+00:00,74.70913670166667,3.9666666666666664e-05,0.009600721360647515
2017-01-31 00:00:00+00:00,63.753061603333336,4.0833333333333334e-05,0.009605741345571045
2017-01-31 01:00:00+00:00,56.49489438999999,3.3666666666666674e-05,0.009615786564465535
2017-01-31 02:00:00+00:00,52.907684876666664,3.05e-05,0.009593194663059499
2017-01-31 03:00:00+00:00,50.489332108333336,5.0499999999999994e-05,0.00963338254458162
2017-01-31 04:00:00+00:00,49.678483498333335,4.966666666666666e-05,0.00961829896296296
2017-01-31 05:00:00+00:00,51.47534504166667,4.6500000000000005e-05,0.009605741345571045
2017-01-31 06:00:00+00:00,54.152005945,3.5999999999999994e-05,0.009590686638323681
2017-01-31 07:00:00+00:00,47.59407177166666,6.716666666666667e-05,0.009701453826989028
2017-01-31 08:00:00+00:00,51.95127752166666,0.01861883333333333,0.009648481887517138
2017-01-31 09:00:00+00:00,60.44209844666666,0.26831666666666665,0.009681251239832602
2017-01-31 10:00:00+00:00,67.03566617000001,0.11573333333333334,0.009588179050754457
2017-01-31 11:00:00+00:00,71.48117241833333,0.12198333333333333,0.00962332507275314
2017-01-31 12:00:00+00:00,73.24225136666666,0.13771666666666668,0.009565630428840876
2017-01-31 13:00:00+00:00,73.25465677,0.0945,0.009681251239832602
2017-01-31 14:00:00+00:00,71.83140836833333,0.11376666666666667,0.00974447760316009
2017-01-31 15:00:00+00:00,70.63959952833333,0.11416666666666667,0.009666117719142154
2017-01-31 16:00:00+00:00,69.10257305833333,0.10889833333333333,0.009696400547903012
2017-01-31 17:00:00+00:00,74.95184931666665,0.09765166666666665,0.009676204979188892
2017-01-31 18:00:00+00:00,93.57199258333334,0.013738,0.009681251239832602
2017-01-31 19:00:00+00:00,94.012926515,0.0001075,0.009709037037037035
2017-01-31 20:00:00+00:00,94.45744012499999,5.933333333333333e-05,0.009719154129350196
2017-01-31 21:00:00+00:00,92.34779164333332,5.8166666666666667e-05,0.009741943278698621
2017-01-31 22:00:00+00:00,85.62673373833334,6.716666666666667e-05,0.009714094705126245
2017-01-31 23:00:00+00:00,74.34754608333334,6.35e-05,0.009709037037037035
2017-02-01 00:00:00+00:00,63.403256428333336,5.066666666666667e-05,0.009719154129350196
2017-02-01 01:00:00+00:00,56.61546063,5.8666666666666665e-05,0.009701453826989028
2017-02-01 02:00:00+00:00,52.03775423333334,7.033333333333333e-05,0.009716624197702327
2017-02-01 03:00:00+00:00,50.22864777666666,6.533333333333334e-05,0.009714094705126245
2017-02-01 04:00:00+00:00,49.69733415833333,5.616666666666667e-05,0.009734342941878783
2017-02-01 05:00:00+00:00,51.336683433333334,5.383333333333334e-05,0.009734342941878783
2017-02-01 06:00:00+00:00,53.320264079999994,7.616666666666667e-05,0.009747012367112487
2017-02-01 07:00:00+00:00,46.01503351833334,7.633333333333332e-05,0.009706508861447692
2017-02-01 08:00:00+00:00,50.41088421833333,0.02722916666666667,0.009701453826989028
2017-02-01 09:00:00+00:00,58.13930271666666,0.18258333333333335,0.009666117719142154
2017-02-01 10:00:00+00:00,65.06295149333333,0.41561666666666663,0.00969892696804349
2017-02-01 11:00:00+00:00,70.14436082666667,0.56535,0.009709037037037035
2017-02-01 12:00:00+00:00,72.75611938333334,0.5703166666666667,0.009696400547903012
2017-02-01 13:00:00+00:00,72.78274315,0.5820666666666667,0.009741943278698621
2017-02-01 14:00:00+00:00,72.29233103666667,0.5571999999999999,0.009752083213642482
2017-02-01 15:00:00+00:00,70.99054362,0.4713833333333334,0.009709037037037035
2017-02-01 16:00:00+00:00,69.14749623833333,0.33626666666666666,0.009731810374999999
2017-02-01 17:00:00+00:00,73.56281714666667,0.17073333333333335,0.009668638876594006
2017-02-01 18:00:00+00:00,93.27390338000001,0.03385083333333334,0.009716624197702327
2017-02-01 19:00:00+00:00,94.26123724,0.0001868333333333333,0.009681251239832602
2017-02-01 20:00:00+00:00,94.07386090166666,5.433333333333334e-05,0.009638413907229597
2017-02-01 21:00:00+00:00,91.96051363000001,5.3666666666666666e-05,0.00969892696804349
2017-02-01 22:00:00+00:00,85.92614714666666,5.7999999999999994e-05,0.009671160472393683
2017-02-01 23:00:00+00:00,74.89384414833333,4.95e-05,0.009691349023884816
2017-02-02 00:00:00+00:00,63.933669486666666,6.05e-05,0.00966359700000001
2017-02-02 01:00:00+00:00,57.02756711333333,6.166666666666667e-05,0.009638413907229597
2017-02-02 02:00:00+00:00,52.727460175,5.8666666666666665e-05,0.009656037472050757
2017-02-02 03:00:00+00:00,50.915167419999996,5.4833333333333336e-05,0.009666117719142154
2017-02-02 04:00:00+00:00,50.197500526666666,6.1e-05,0.009638413907229597
2017-02-02 05:00:00+00:00,51.88593427333334,5.8666666666666665e-05,0.00963338254458162
2017-02-02 06:00:00+00:00,54.13322301166667,5.633333333333334e-05,0.00962332507275314
2017-02-02 07:00:00+00:00,47.06227284333333,6.85e-05,0.009603231134430719
2017-02-02 08:00:00+00:00,51.29048352,0.0188445,0.009603231134430719
2017-02-02 09:00:00+00:00,59.55246957666666,0.118605,0.00962332507275314
2017-02-02 10:00:00+00:00,66.52807774833333,0.3087,0.009635898006979376
2017-02-02 11:00:00+00:00,71.76651134,0.46101666666666663,0.00964093024537038
2017-02-02 12:00:00+00:00,73.640255135,0.5885166666666667,0.009719154129350196
2017-02-02 13:00:00+00:00,74.04153654833334,0.5469833333333334,0.009701453826989028
2017-02-02 14:00:00+00:00,73.64833707333332,0.4109666666666667,0.009693874566529486
2017-02-02 15:00:00+00:00,73.440689435,0.10656,0.00967368250657928
2017-02-02 16:00:00+00:00,72.20212047333332,0.06512333333333334,0.009671160472393697
2017-02-02 17:00:00+00:00,76.42507793166668,0.07675833333333335,0.009668638876594006
2017-02-02 18:00:00+00:00,94.99499514,0.011871333333333333,0.009650999977601226
2017-02-02 19:00:00+00:00,95.02677945666666,0.00012883333333333334,0.009691349023884828
2017-02-02 20:00:00+00:00,94.35496415666665,5.8666666666666665e-05,0.009696400547903012
2017-02-02 21:00:00+00:00,91.34596465000001,5.9999999999999995e-05,0.009688823919930907
2017-02-02 22:00:00+00:00,84.51297699833334,5.983333333333333e-05,0.009671160472393697
2017-02-02 23:00:00+00:00,74.58752695,5.466666666666667e-05,0.009683775027942902
2017-02-03 00:00:00+00:00,63.98973725166667,6.783333333333335e-05,0.009656037472050757
2017-02-03 01:00:00+00:00,56.72543399833334,6.283333333333333e-05,0.009681251239832602
2017-02-03 02:00:00+00:00,52.70932635,7.1e-05,0.00968377502794289
2017-02-03 03:00:00+00:00,51.04401407666667,7.566666666666667e-05,0.00968377502794289
2017-02-03 04:00:00+00:00,50.403503245,7.083333333333332e-05,0.009688823919930907
2017-02-03 05:00:00+00:00,51.99183037833334,6.1e-05,0.00962081179904613
2017-02-03 06:00:00+00:00,53.348380729999995,6.1e-05,0.00962332507275314
2017-02-03 07:00:00+00:00,45.81446759833333,6.6e-05,0.009650999977601226
2017-02-03 08:00:00+00:00,50.13827092,0.010456166666666666,0.009628352933191073
2017-02-03 09:00:00+00:00,58.71955341333334,0.084955,0.00962332507275314
2017-02-03 10:00:00+00:00,65.83520675166668,0.25748333333333334,0.009588179050754457
2017-02-03 11:00:00+00:00,70.47907444333333,0.21461666666666668,0.009615786564465535
2017-02-03 12:00:00+00:00,69.08179394833333,0.30975,0.009650999977601226
2017-02-03 13:00:00+00:00,68.34860230666666,0.5236333333333333,0.0
2017-02-03 14:00:00+00:00,67.403381815,0.2154333333333333,0.0
2017-02-03 15:00:00+00:00,66.53250748,0.12885166666666667,0.0
2017-02-03 16:00:00+00:00,65.32323083000001,0.061125,0.0
2017-02-03 17:00:00+00:00,69.580317575,0.05844166666666666,0.0
2017-02-03 18:00:00+00:00,89.864379275,0.018353833333333333,0.0
2017-02-03 19:00:00+00:00,90.91601716000001,0.00011599999999999999,0.0
2017-02-03 20:00:00+00:00,91.29783092833333,5.0833333333333333e-05,0.0
2017-02-03 21:00:00+00:00,88.24809213333334,6.966666666666668e-05,0.0
2017-02-03 22:00:00+00:00,83.00946007499999,5.8166666666666667e-05,0.0
2017-02-03 23:00:00+00:00,73.73963095666666,6.416666666666666e-05,0.0
2017-02-04 00:00:00+00:00,63.510098535,6.233333333333334e-05,0.0
2017-02-04 01:00:00+00:00,56.258217990000006,4.4666666666666664e-05,0.0
2017-02-04 02:00:00+00:00,52.07182125333333,6.65e-05,0.0
2017-02-04 03:00:00+00:00,49.77727438166667,5.5e-05,0.0
2017-02-04 04:00:00+00:00,48.868371583333335,8.116666666666667e-05,0.0
2017-02-04 05:00:00+00:00,50.850327855,7.683333333333332e-05,0.0
2017-02-04 06:00:00+00:00,51.872044038333335,8.883333333333333e-05,0.0
2017-02-04 07:00:00+00:00,43.64710782833333,8.833333333333333e-05,0.0
2017-02-04 08:00:00+00:00,47.32191572666667,0.006076333333333334,0.0
2017-02-04 09:00:00+00:00,56.28620239999999,0.030150000000000003,0.0
2017-02-04 10:00:00+00:00,63.760522378333334,0.120955,0.0
2017-02-04 11:00:00+00:00,68.31848253999999,0.17236666666666667,0.0
2017-02-04 12:00:00+00:00,70.38591318,0.39759999999999995,0.0
2017-02-04 13:00:00+00:00,70.93233284666665,0.4415,0.0
2017-02-04 14:00:00+00:00,70.94158861666666,0.4566166666666667,0.0
2017-02-04 15:00:00+00:00,68.19858622833333,0.34673333333333334,0.0
2017-02-04 16:00:00+00:00,65.69150002166667,0.13240333333333335,0.0
2017-02-04 17:00:00+00:00,70.23798875333334,0.19595,0.0
2017-02-04 18:00:00+00:00,89.937170625,0.029814333333333335,0.0
2017-02-04 19:00:00+00:00,91.56543714666667,0.00022516666666666665,0.0
2017-02-04 20:00:00+00:00,90.47521236333334,6.116666666666667e-05,0.0
2017-02-04 21:00:00+00:00,88.35366655499999,5.0833333333333333e-05,0.0
2017-02-04 22:00:00+00:00,83.04657595833334,7.65e-05,0.0
2017-02-04 23:00:00+00:00,74.28032284999999,5.333333333333334e-05,0.0
2017-02-05 00:00:00+00:00,63.59223223333333,5.383333333333334e-05,0.0
2017-02-05 01:00:00+00:00,55.766233225,6.05e-05,0.0
2017-02-05 02:00:00+00:00,51.117705644999994,5.933333333333333e-05,0.0
2017-02-05 03:00:00+00:00,48.79825774333334,5.333333333333334e-05,0.0
2017-02-05 04:00:00+00:00,48.328973500000004,5.983333333333333e-05,0.0
2017-02-05 05:00:00+00:00,49.663692049999995,6.950000000000001e-05,0.0
2017-02-05 06:00:00+00:00,49.48822505666667,5.683333333333332e-05,0.0
2017-02-05 07:00:00+00:00,40.526502173333334,8.166666666666667e-05,0.0
2017-02-05 08:00:00+00:00,41.71732115166667,0.03488816666666667,0.0
2017-02-05 09:00:00+00:00,48.00841439999999,0.20225,0.0
2017-02-05 10:00:00+00:00,55.331274895,0.36115,0.0
2017-02-05 11:00:00+00:00,60.854309755,0.4947,0.0
2017-02-05 12:00:00+00:00,63.96279255166667,0.5830666666666667,0.0
2017-02-05 13:00:00+00:00,65.06464071666666,0.6124166666666666,0.0
2017-02-05 14:00:00+00:00,63.76733923,0.5779666666666667,0.0
2017-02-05 15:00:00+00:00,62.15095229833333,0.4925333333333333,0.0
2017-02-05 16:00:00+00:00,60.44884247666667,0.35518333333333335,0.0
2017-02-05 17:00:00+00:00,63.45428155333333,0.18596666666666667,0.0
2017-02-05 18:00:00+00:00,84.10768094833334,0.04185183333333333,0.0
2017-02-05 19:00:00+00:00,86.64027819833333,0.0002805,0.0
2017-02-05 20:00:00+00:00,87.31817245666667,6.6e-05,0.0
2017-02-05 21:00:00+00:00,86.15771623666666,7.1e-05,0.0
2017-02-05 22:00:00+00:00,81.73759560999999,6.05e-05,0.0
2017-02-05 23:00:00+00:00,72.37461231500001,6.166666666666667e-05,0.0
2017-02-06 00:00:00+00:00,61.933380723333336,5.983333333333333e-05,0.0
2017-02-06 01:00:00+00:00,54.838759331666665,4.899999999999999e-05,0.0
2017-02-06 02:00:00+00:00,50.87967061666667,6.683333333333334e-05,0.0
2017-02-06 03:00:00+00:00,49.16717205833333,5.683333333333332e-05,0.0
2017-02-06 04:00:00+00:00,48.812187388333335,7.25e-05,0.0
2017-02-06 05:00:00+00:00,50.62276536666667,7.099999999999999e-05,0.0
2017-02-06 06:00:00+00:00,51.530837595,5.8833333333333325e-05,0.0
2017-02-06 07:00:00+00:00,44.55297078333333,6.416666666666666e-05,0.0
2017-02-06 08:00:00+00:00,49.247601100000004,0.029820166666666665,0.0
2017-02-06 09:00:00+00:00,57.289953454999996,0.09300499999999999,0.0
2017-02-06 10:00:00+00:00,64.55462446499999,0.2698666666666667,0.0
2017-02-06 11:00:00+00:00,69.28496377,0.28633333333333333,0.0
2017-02-06 12:00:00+00:00,71.351237125,0.41133333333333333,0.0
2017-02-06 13:00:00+00:00,70.70004915333332,0.41040000000000004,0.0
2017-02-06 14:00:00+00:00,70.11849880833333,0.5341333333333333,0.0
2017-02-06 15:00:00+00:00,69.23779725,0.37315000000000004,0.0
2017-02-06 16:00:00+00:00,67.00927274,0.32926666666666665,0.0
2017-02-06 17:00:00+00:00,68.880924365,0.20988333333333334,0.0
2017-02-06 18:00:00+00:00,89.61069015000001,0.042123,0.0
2017-02-06 19:00:00+00:00,91.78278844,0.0002911666666666666,0.0
2017-02-06 20:00:00+00:00,91.72399917,5.7999999999999994e-05,0.0
2017-02-06 21:00:00+00:00,88.97485063666666,5.85e-05,0.0
2017-02-06 22:00:00+00:00,82.8470622,5.9166666666666664e-05,0.0
2017-02-06 23:00:00+00:00,72.65826393333332,5.6166666666666665e-05,0.0
2017-02-07 00:00:00+00:00,61.845931285,4.1e-05,0.0
2017-02-07 01:00:00+00:00,54.816488135,4.5e-05,0.0
2017-02-07 02:00:00+00:00,51.419209386666665,5.683333333333332e-05,0.0
2017-02-07 03:00:00+00:00,49.626502271666666,5.9166666666666664e-05,0.0
2017-02-07 04:00:00+00:00,49.407417208333335,7.433333333333333e-05,0.0
2017-02-07 05:00:00+00:00,51.028250675,5.2e-05,0.0
2017-02-07 06:00:00+00:00,52.02521509666668,6.966666666666668e-05,0.0
2017-02-07 07:00:00+00:00,45.12031714,8.433333333333333e-05,0.0
2017-02-07 08:00:00+00:00,49.80474903500001,0.03505866666666667,0.0
2017-02-07 09:00:00+00:00,58.118701515,0.08189166666666667,0.0
2017-02-07 10:00:00+00:00,64.716070215,0.12631666666666666,0.0
2017-02-07 11:00:00+00:00,69.23259972666666,0.22518333333333332,0.0
2017-02-07 12:00:00+00:00,71.51380638333335,0.12801666666666667,0.0
2017-02-07 13:00:00+00:00,71.34366561333333,0.14759999999999998,0.0
2017-02-07 14:00:00+00:00,70.39869217833333,0.09557333333333334,0.0
2017-02-07 15:00:00+00:00,69.04899763833333,0.16025,0.0
2017-02-07 16:00:00+00:00,66.58112396333333,0.10991833333333334,0.0
2017-02-07 17:00:00+00:00,70.22953097,0.048821666666666666,0.0
2017-02-07 18:00:00+00:00,90.09839881833332,0.015552,0.0
2017-02-07 19:00:00+00:00,91.13089576333333,0.00012816666666666667,0.0
2017-02-07 20:00:00+00:00,91.08844856333334,5.6166666666666665e-05,0.0
2017-02-07 21:00:00+00:00,88.68617353,5.383333333333334e-05,0.0
2017-02-07 22:00:00+00:00,82.82573091666667,6.916666666666666e-05,0.0
2017-02-07 23:00:00+00:00,73.71887807166667,5.7999999999999994e-05,0.0
2017-02-08 00:00:00+00:00,62.71927057833333,6.3e-05,0.0
2017-02-08 01:00:00+00:00,55.20950781166666,5.6333333333333325e-05,0.0
2017-02-08 02:00:00+00:00,51.72367189,5.8833333333333325e-05,0.0
2017-02-08 03:00:00+00:00,49.65233299333334,5.9999999999999995e-05,0.0
2017-02-08 04:00:00+00:00,48.95767564833333,6.05e-05,0.0
2017-02-08 05:00:00+00:00,51.15980789,7.016666666666667e-05,0.0
2017-02-08 06:00:00+00:00,51.65203813,5.9166666666666664e-05,0.0
2017-02-08 07:00:00+00:00,45.07491203166666,7.083333333333332e-05,0.0
2017-02-08 08:00:00+00:00,49.83004214500001,0.012506999999999999,0.0001365908749999998
2017-02-08 09:00:00+00:00,58.16520647833333,0.07244,0.009736875948096064
2017-02-08 10:00:00+00:00,64.21613902166668,0.25661666666666666,0.009696400547903012
2017-02-08 11:00:00+00:00,68.85564478333333,0.3646666666666667,0.00969892696804349
2017-02-08 12:00:00+00:00,70.94389801166666,0.15433333333333335,0.009666117719142154
2017-02-08 13:00:00+00:00,70.87391337166666,0.2817833333333334,0.009696400547903012
2017-02-08 14:00:00+00:00,69.54246432833334,0.2178166666666667,0.00966359700000001
2017-02-08 15:00:00+00:00,68.57785417166667,0.18015,0.00962081179904613
2017-02-08 16:00:00+00:00,66.377707625,0.08166666666666667,0.009661076719129446
2017-02-08 17:00:00+00:00,68.58959467333334,0.13676666666666668,0.009650999977601226
2017-02-08 18:00:00+00:00,89.41311257833334,0.018270833333333333,0.009691349023884816
2017-02-08 19:00:00+00:00,91.526388175,0.00021366666666666667,0.009681251239832602
2017-02-08 20:00:00+00:00,91.81485189666665,6.283333333333333e-05,0.009671160472393697
2017-02-08 21:00:00+00:00,89.64094113666667,6.616666666666667e-05,0.009668638876594006
2017-02-08 22:00:00+00:00,82.73025325666666,5.8166666666666667e-05,0.00969892696804349
2017-02-08 23:00:00+00:00,72.40716419666668,5.933333333333333e-05,0.009693874566529486
2017-02-09 00:00:00+00:00,62.69960042166666,5.016666666666666e-05,0.009691349023884816
2017-02-09 01:00:00+00:00,55.36417075166666,5.133333333333333e-05,0.00967368250657928
2017-02-09 02:00:00+00:00,51.22111814166667,5.566666666666666e-05,0.009706508861447692
2017-02-09 03:00:00+00:00,49.570239861666664,5.8666666666666665e-05,0.009648481887517138
2017-02-09 04:00:00+00:00,50.09257255499999,5.5e-05,0.009661076719129446
2017-02-09 05:00:00+00:00,51.74276393666667,6.233333333333334e-05,0.009676204979188892
2017-02-09 06:00:00+00:00,51.39835180333333,6.666666666666667e-05,0.009666117719142154
2017-02-09 07:00:00+00:00,44.836957498333334,9.333333333333334e-05,0.0096938745665295
2017-02-09 08:00:00+00:00,50.024202591666665,0.03122633333333333,0.00968377502794289
2017-02-09 09:00:00+00:00,57.58582852999999,0.19528333333333334,0.009716624197702327
2017-02-09 10:00:00+00:00,64.47031446166667,0.32915000000000005,0.00963338254458162
2017-02-09 11:00:00+00:00,68.73396003166667,0.48863333333333336,0.009645964235476047
2017-02-09 12:00:00+00:00,70.89396427,0.5752666666666668,0.009650999977601226
2017-02-09 13:00:00+00:00,70.78595390333332,0.4988833333333334,0.009671160472393697
2017-02-09 14:00:00+00:00,70.38744302833334,0.40275,0.009686299254629627
2017-02-09 15:00:00+00:00,68.94244078999999,0.39677499999999993,0.009676204979188892
2017-02-09 16:00:00+00:00,67.42197526333332,0.12525166666666668,0.009693874566529486
2017-02-09 17:00:00+00:00,70.48053844,0.09633333333333333,0.009691349023884816
2017-02-09 18:00:00+00:00,90.24078826499999,0.01947166666666667,0.00968377502794289
2017-02-09 19:00:00+00:00,91.52191939333335,0.00010816666666666668,0.009716624197702327
2017-02-09 20:00:00+00:00,91.85108952666667,6.133333333333332e-05,0.00968377502794289
2017-02-09 21:00:00+00:00,89.53456736166666,6.116666666666667e-05,0.009640930245370369
2017-02-09 22:00:00+00:00,83.80258307166667,4.883333333333333e-05,0.00958316518696336
2017-02-09 23:00:00+00:00,73.73099033500002,5.55e-05,0.00962332507275314
2017-02-10 00:00:00+00:00,63.15526354,6.4e-05,0.00958567190031372
2017-02-10 01:00:00+00:00,55.65584909999999,7.266666666666667e-05,0.009593194663059499
2017-02-10 02:00:00+00:00,51.539305385000006,6.316666666666667e-05,0.009635898006979376
2017-02-10 03:00:00+00:00,49.48144723000001,7.583333333333334e-05,0.009658556876492409
2017-02-10 04:00:00+00:00,49.10482570166667,5.6166666666666665e-05,0.009658556876492409
2017-02-10 05:00:00+00:00,51.102184390000005,6.783333333333335e-05,0.009714094705126245
2017-02-10 06:00:00+00:00,51.496562675,6.416666666666666e-05,0.009668638876594018
2017-02-10 07:00:00+00:00,45.88827915833334,7.333333333333333e-05,0.009668638876594006
2017-02-10 08:00:00+00:00,50.782179651666674,0.003449666666666667,0.009691349023884816
2017-02-10 09:00:00+00:00,54.856580443333335,0.03167166666666667,0.009701453826989028
2017-02-10 10:00:00+00:00,63.095137443333336,0.06061333333333334,0.009668638876594006
2017-02-10 11:00:00+00:00,67.35716121166666,0.10366666666666667,0.009668638876594018
2017-02-10 12:00:00+00:00,68.73312691166667,0.09473333333333334,0.009688823919930907
2017-02-10 13:00:00+00:00,68.95055935333335,0.14756666666666668,0.00968377502794289
2017-02-10 14:00:00+00:00,70.318226795,0.33975,0.009688823919930907
2017-02-10 15:00:00+00:00,72.29278501666666,0.3091833333333333,0.009693874566529486
2017-02-10 16:00:00+00:00,73.569792405,0.32425,0.009663596999999996
2017-02-10 17:00:00+00:00,77.86706687,0.20098333333333335,0.009645964235476047
2017-02-10 18:00:00+00:00,93.89325131166666,0.04295633333333333,0.00964093024537038
2017-02-10 19:00:00+00:00,93.63808149666667,0.0004435,0.009663596999999996
2017-02-10 20:00:00+00:00,93.189543775,4.4500000000000004e-05,0.00963338254458162
2017-02-10 21:00:00+00:00,89.66505271500002,6.05e-05,0.00964344702143982
2017-02-10 22:00:00+00:00,83.01297673166667,5.933333333333333e-05,0.009630867519998218
2017-02-10 23:00:00+00:00,74.61015730999999,5.5499999999999994e-05,0.009615786564465535
2017-02-11 00:00:00+00:00,63.55319606333334,5.2e-05,0.00964344702143982
2017-02-11 01:00:00+00:00,56.18907366666667,5.7e-05,0.00963338254458162
2017-02-11 02:00:00+00:00,52.095202398333335,6.65e-05,0.00962583878412209
2017-02-11 03:00:00+00:00,49.93421554333333,4.95e-05,0.009638413907229597
2017-02-11 04:00:00+00:00,49.33113047,6.116666666666667e-05,0.00962583878412209
2017-02-11 05:00:00+00:00,51.339682714999995,5.2499999999999995e-05,0.009650999977601226
2017-02-11 06:00:00+00:00,50.86267884,5.516666666666667e-05,0.009630867519998218
2017-02-11 07:00:00+00:00,43.4305558815,0.00010683333333333333,0.009635898006979376
2017-02-11 08:00:00+00:00,47.73186621166667,0.030254166666666665,0.00962081179904613
2017-02-11 09:00:00+00:00,55.49371567666667,0.17488333333333334,0.009635898006979376
2017-02-11 10:00:00+00:00,63.888143515,0.3515,0.00960323113443073
2017-02-11 11:00:00+00:00,69.34183688666667,0.4963333333333333,0.007455084966398673
2017-02-11 12:00:00+00:00,71.75050156,0.4049333333333333,0.0
2017-02-11 13:00:00+00:00,72.02816896666668,0.37934999999999997,0.0
2017-02-11 14:00:00+00:00,72.09985832,0.28535,0.0
2017-02-11 15:00:00+00:00,70.16159515666668,0.2454333333333333,0.0
2017-02-11 16:00:00+00:00,71.06486818166667,0.11178333333333335,0.0
2017-02-11 17:00:00+00:00,73.27072576833334,0.05517333333333334,0.0
2017-02-11 18:00:00+00:00,91.41703210666667,0.019412166666666668,0.0
2017-02-11 19:00:00+00:00,94.46081775166668,0.00043216666666666664,0.0
2017-02-11 20:00:00+00:00,93.01929240666668,5.683333333333332e-05,0.0
2017-02-11 21:00:00+00:00,89.57625349999999,6.216666666666667e-05,0.0
2017-02-11 22:00:00+00:00,84.50955439833334,6.033333333333333e-05,0.0
2017-02-11 23:00:00+00:00,75.47053479666666,5.8333333333333326e-05,0.0
2017-02-12 00:00:00+00:00,64.94155527166667,5.266666666666667e-05,0.0
2017-02-12 01:00:00+00:00,56.80858909333334,7.016666666666667e-05,0.0
2017-02-12 02:00:00+00:00,51.45472183999999,6.0666666666666666e-05,0.0
2017-02-12 03:00:00+00:00,49.026841745000006,5.016666666666666e-05,0.0
2017-02-12 04:00:00+00:00,48.10388807,6.65e-05,0.0
2017-02-12 05:00:00+00:00,49.76296005,6.283333333333333e-05,0.0
2017-02-12 06:00:00+00:00,48.01278889166667,6.649999999999999e-05,0.0
2017-02-12 07:00:00+00:00,39.6668585235,8.633333333333334e-05,0.0
2017-02-12 08:00:00+00:00,41.34946305333334,0.005027166666666667,0.0
2017-02-12 09:00:00+00:00,47.776481540000006,0.04968166666666667,0.0
2017-02-12 10:00:00+00:00,55.57966819166666,0.2095,0.0
2017-02-12 11:00:00+00:00,61.593834853333334,0.44730000000000003,0.0
2017-02-12 12:00:00+00:00,66.975376835,0.18378333333333333,0.0
2017-02-12 13:00:00+00:00,70.43390723666667,0.21891666666666665,0.0
2017-02-12 14:00:00+00:00,70.70804773833333,0.1758166666666667,0.0
2017-02-12 15:00:00+00:00,68.87748555833335,0.19311666666666666,0.0
2017-02-12 16:00:00+00:00,68.15072404166666,0.16533333333333333,0.0
2017-02-12 17:00:00+00:00,73.54175771666668,0.07333333333333333,0.0
2017-02-12 18:00:00+00:00,91.46366986333332,0.010993833333333333,0.0
2017-02-12 19:00:00+00:00,94.757562445,0.00023083333333333332,0.0
2017-02-12 20:00:00+00:00,95.770423545,6.65e-05,0.0
2017-02-12 21:00:00+00:00,90.03901538333334,5.15e-05,0.0
2017-02-12 22:00:00+00:00,83.91141683500001,5.5e-05,0.0
2017-02-12 23:00:00+00:00,71.53438084333334,4.9999999999999996e-05,0.0
2017-02-13 00:00:00+00:00,61.307006415,6.1e-05,0.0
2017-02-13 01:00:00+00:00,54.74515205833333,5.8833333333333325e-05,0.0
2017-02-13 02:00:00+00:00,51.55385592166666,6.233333333333334e-05,0.0
2017-02-13 03:00:00+00:00,49.82268527166667,6.033333333333333e-05,0.0
2017-02-13 04:00:00+00:00,49.84373111333333,6.366666666666666e-05,0.0
2017-02-13 05:00:00+00:00,52.243958905,6.05e-05,0.0
2017-02-13 06:00:00+00:00,52.739142935,6.283333333333333e-05,0.0
2017-02-13 07:00:00+00:00,50.98522317999999,0.00010316666666666668,0.0
2017-02-13 08:00:00+00:00,54.003192215000006,0.02811766666666667,0.0
2017-02-13 09:00:00+00:00,61.14638713666666,0.20136666666666664,0.0
2017-02-13 10:00:00+00:00,67.72722318,0.37456666666666666,0.0
2017-02-13 11:00:00+00:00,72.18682997166667,0.5089166666666667,0.0
2017-02-13 12:00:00+00:00,76.615962265,0.5879333333333333,0.0
2017-02-13 13:00:00+00:00,78.79640884333334,0.6303000000000001,0.0
2017-02-13 14:00:00+00:00,75.07245769500001,0.68,0.0
2017-02-13 15:00:00+00:00,74.47709294666667,0.2823666666666666,0.0
2017-02-13 16:00:00+00:00,72.76154969,0.11880333333333333,0.0
2017-02-13 17:00:00+00:00,73.39951208666668,0.05720333333333334,0.0
2017-02-13 18:00:00+00:00,93.16017482166666,0.044158333333333334,0.0
2017-02-13 19:00:00+00:00,95.77690127500001,0.0006490000000000001,0.0
2017-02-13 20:00:00+00:00,95.38644078833333,5.566666666666666e-05,0.0
2017-02-13 21:00:00+00:00,92.166990125,6.35e-05,0.0
2017-02-13 22:00:00+00:00,84.23250031333333,5.5499999999999994e-05,0.0
2017-02-13 23:00:00+00:00,72.13904157166668,5.933333333333333e-05,0.0
2017-02-14 00:00:00+00:00,62.156919805,5.0499999999999994e-05,0.0
2017-02-14 01:00:00+00:00,55.25369186166667,4.3333333333333334e-05,0.0
2017-02-14 02:00:00+00:00,51.39566587833333,4.350000000000001e-05,0.0
2017-02-14 03:00:00+00:00,49.55762552666666,4.883333333333334e-05,0.0
2017-02-14 04:00:00+00:00,49.575406193333336,4.916666666666667e-05,0.0
2017-02-14 05:00:00+00:00,52.153113175,5.4999999999999995e-05,0.0
2017-02-14 06:00:00+00:00,52.78510848333334,5.6166666666666665e-05,0.0
2017-02-14 07:00:00+00:00,50.47294724666667,0.00018783333333333334,0.0
2017-02-14 08:00:00+00:00,52.867098344999995,0.05546983333333333,0.0
2017-02-14 09:00:00+00:00,58.818769483333334,0.21778333333333333,0.0
2017-02-14 10:00:00+00:00,64.06687675166667,0.46771666666666667,0.0
2017-02-14 11:00:00+00:00,68.38009457166666,0.5533333333333333,0.0
2017-02-14 12:00:00+00:00,70.77413918166667,0.6685333333333333,0.0
2017-02-14 13:00:00+00:00,71.01990040666666,0.6802333333333334,0.0
2017-02-14 14:00:00+00:00,69.96945684666667,0.41428333333333334,0.0
2017-02-14 15:00:00+00:00,67.17649431499999,0.47031666666666666,0.0
2017-02-14 16:00:00+00:00,67.08167070666667,0.20415,0.0
2017-02-14 17:00:00+00:00,68.07546726333332,0.08815333333333332,0.0
2017-02-14 18:00:00+00:00,90.37773635833334,0.06148333333333333,0.0
2017-02-14 19:00:00+00:00,93.21446148666666,0.000435,0.0
2017-02-14 20:00:00+00:00,92.6139858,5.85e-05,0.0
2017-02-14 21:00:00+00:00,90.24366051999999,6.1e-05,0.0
2017-02-14 22:00:00+00:00,83.91811007833334,5.016666666666666e-05,0.0
2017-02-14 23:00:00+00:00,72.97216940166668,4.5833333333333334e-05,0.0
2017-02-15 00:00:00+00:00,61.93882289833334,4.766666666666667e-05,0.0
2017-02-15 01:00:00+00:00,54.860274151666665,5.616666666666667e-05,0.0
2017-02-15 02:00:00+00:00,51.017236575000005,4.7499999999999996e-05,0.0
2017-02-15 03:00:00+00:00,49.48935362666666,4.95e-05,0.0
2017-02-15 04:00:00+00:00,49.679004395,4.7000000000000004e-05,0.0
2017-02-15 05:00:00+00:00,51.64643062833333,6.616666666666667e-05,0.0
2017-02-15 06:00:00+00:00,52.79775202,5.2e-05,0.0
2017-02-15 07:00:00+00:00,50.54926944833334,0.00018800000000000002,0.0
2017-02-15 08:00:00+00:00,54.59454901,0.059487000000000005,0.0
2017-02-15 09:00:00+00:00,59.31498565166667,0.30348333333333327,0.0
2017-02-15 10:00:00+00:00,64.94964179333334,0.5126499999999999,0.0
2017-02-15 11:00:00+00:00,69.57103589166665,0.6518333333333334,0.0
2017-02-15 12:00:00+00:00,73.67072332666667,0.26915000000000006,0.0
2017-02-15 13:00:00+00:00,74.7505297,0.1244,0.0
2017-02-15 14:00:00+00:00,74.00873166,0.22001666666666664,0.0
2017-02-15 15:00:00+00:00,73.90237922666667,0.3960666666666667,0.0
2017-02-15 16:00:00+00:00,72.62630317,0.10225166666666667,0.0
2017-02-15 17:00:00+00:00,75.51983892666667,0.07315833333333333,0.0
2017-02-15 18:00:00+00:00,92.57340256333335,0.014070500000000001,0.0
2017-02-15 19:00:00+00:00,94.44466306666668,0.0004795,0.0
2017-02-15 20:00:00+00:00,95.11663404999999,4.5333333333333335e-05,0.0
2017-02-15 21:00:00+00:00,90.65292389999999,4.4166666666666665e-05,0.0
2017-02-15 22:00:00+00:00,83.05527870833332,4.7833333333333335e-05,0.0
2017-02-15 23:00:00+00:00,71.630450675,4.2166666666666664e-05,0.0
2017-02-16 00:00:00+00:00,61.18337155333333,4.649999999999999e-05,0.0
2017-02-16 01:00:00+00:00,54.66708134333333,4.2166666666666664e-05,0.0
2017-02-16 02:00:00+00:00,50.97618488333333,4.7166666666666663e-05,0.0
2017-02-16 03:00:00+00:00,49.35655465,3.2500000000000004e-05,0.0
2017-02-16 04:00:00+00:00,49.838635331666666,4.8333333333333334e-05,0.0
2017-02-16 05:00:00+00:00,52.129160795,4.4000000000000006e-05,0.0
2017-02-16 06:00:00+00:00,52.41978976833334,4.05e-05,0.0
2017-02-16 07:00:00+00:00,51.25933406833334,0.00015733333333333333,0.0
2017-02-16 08:00:00+00:00,55.59847725833333,0.03736133333333334,0.0
2017-02-16 09:00:00+00:00,63.160483253333325,0.20608833333333335,0.0
2017-02-16 10:00:00+00:00,67.844487085,0.22016666666666665,0.0
2017-02-16 11:00:00+00:00,72.08709039333331,0.4095,0.0
2017-02-16 12:00:00+00:00,75.308115435,0.28385,0.0
2017-02-16 13:00:00+00:00,75.19791460333332,0.4165833333333333,0.0
2017-02-16 14:00:00+00:00,74.16131960833333,0.6608333333333334,0.0
2017-02-16 15:00:00+00:00,73.79044622666665,0.22315000000000002,0.0
2017-02-16 16:00:00+00:00,71.31832249166666,0.11993333333333334,0.0
2017-02-16 17:00:00+00:00,73.70155127166667,0.07930166666666666,0.0
2017-02-16 18:00:00+00:00,92.559242775,0.030365,0.0
2017-02-16 19:00:00+00:00,94.96364784833332,0.0010213333333333335,0.0
2017-02-16 20:00:00+00:00,95.403693365,6.65e-05,0.0
2017-02-16 21:00:00+00:00,92.60961153666668,6.716666666666667e-05,0.0
2017-02-16 22:00:00+00:00,85.0456766,5.8666666666666665e-05,0.0
2017-02-16 23:00:00+00:00,73.00544043166666,5.733333333333333e-05,0.0
2017-02-17 00:00:00+00:00,62.066883363333325,6.6e-05,0.0
2017-02-17 01:00:00+00:00,55.155520055000004,6.466666666666666e-05,0.0
2017-02-17 02:00:00+00:00,51.50004055833334,6.416666666666666e-05,0.0
2017-02-17 03:00:00+00:00,49.635509381666665,6.366666666666666e-05,0.0
2017-02-17 04:00:00+00:00,49.55359410166666,5.333333333333334e-05,0.0
2017-02-17 05:00:00+00:00,51.95346661833333,6.283333333333333e-05,0.0
2017-02-17 06:00:00+00:00,52.385229943333336,7.149999999999999e-05,0.0
2017-02-17 07:00:00+00:00,50.97920872333333,0.00010916666666666667,0.0
2017-02-17 08:00:00+00:00,54.019418738333336,0.0075655,0.0
2017-02-17 09:00:00+00:00,60.74880418833333,0.11011499999999999,0.0
2017-02-17 10:00:00+00:00,67.21149319999999,0.24923333333333336,0.0
2017-02-17 11:00:00+00:00,71.62797205166667,0.35840000000000005,0.0
2017-02-17 12:00:00+00:00,71.7870138,0.3219666666666666,0.0
2017-02-17 13:00:00+00:00,71.78145622166667,0.10198833333333335,0.0
2017-02-17 14:00:00+00:00,71.73109549166666,0.16993333333333333,0.0
2017-02-17 15:00:00+00:00,70.702059775,0.083645,0.0
2017-02-17 16:00:00+00:00,69.61064828833334,0.031231666666666665,0.0
2017-02-17 17:00:00+00:00,72.48780891833334,0.07786499999999999,0.0
2017-02-17 18:00:00+00:00,90.47145418666668,0.010426,0.0
2017-02-17 19:00:00+00:00,93.05902805666666,0.00022066666666666667,0.0
2017-02-17 20:00:00+00:00,93.06586358166666,6.65e-05,0.0
2017-02-17 21:00:00+00:00,90.61352621833333,5.8833333333333325e-05,0.0
2017-02-17 22:00:00+00:00,83.80731053166666,6.716666666666667e-05,0.0
2017-02-17 23:00:00+00:00,73.90648001333335,6.666666666666667e-05,0.0
2017-02-18 00:00:00+00:00,62.57270972333333,5.7e-05,0.0
2017-02-18 01:00:00+00:00,55.306612601666664,5.933333333333333e-05,0.0
2017-02-18 02:00:00+00:00,51.21395319,6.283333333333333e-05,0.0
2017-02-18 03:00:00+00:00,49.334054441666666,5.466666666666666e-05,0.0
2017-02-18 04:00:00+00:00,48.9994417,6.233333333333334e-05,0.0
2017-02-18 05:00:00+00:00,50.80110347833334,7.083333333333332e-05,0.0
2017-02-18 06:00:00+00:00,49.87372964666667,6.65e-05,0.0
2017-02-18 07:00:00+00:00,45.74438177166667,0.00011333333333333333,0.0
2017-02-18 08:00:00+00:00,50.16020417,0.009658333333333333,0.0
2017-02-18 09:00:00+00:00,58.658839205,0.05026833333333334,0.0
2017-02-18 10:00:00+00:00,66.62402495666666,0.09466333333333334,0.0
2017-02-18 11:00:00+00:00,70.69530232833333,0.09816666666666667,0.0
2017-02-18 12:00:00+00:00,72.06441016166667,0.10734499999999998,0.0
2017-02-18 13:00:00+00:00,72.25190023,0.10367666666666668,0.0
2017-02-18 14:00:00+00:00,71.52762154666667,0.06635166666666667,0.0
2017-02-18 15:00:00+00:00,69.91161155333333,0.057776666666666664,0.0
2017-02-18 16:00:00+00:00,66.667787195,0.02421,0.0
2017-02-18 17:00:00+00:00,68.30163272166666,0.01864,0.0
2017-02-18 18:00:00+00:00,88.36108738333333,0.003011,0.0
2017-02-18 19:00:00+00:00,92.71334832833334,0.00013616666666666665,0.0
2017-02-18 20:00:00+00:00,92.57071123833333,5.383333333333334e-05,0.0
2017-02-18 21:00:00+00:00,89.99404797999999,5.733333333333333e-05,0.0
2017-02-18 22:00:00+00:00,84.14641261666667,6.966666666666668e-05,0.0
2017-02-18 23:00:00+00:00,75.22426032499999,4.7166666666666663e-05,0.0
2017-02-19 00:00:00+00:00,64.488353965,5.633333333333334e-05,0.0
2017-02-19 01:00:00+00:00,56.30430096166667,7.616666666666666e-05,0.0
2017-02-19 02:00:00+00:00,51.071506615,6.466666666666666e-05,0.0
2017-02-19 03:00:00+00:00,48.982088765,6.3e-05,0.0
2017-02-19 04:00:00+00:00,48.229700435,5.7499999999999995e-05,0.0
2017-02-19 05:00:00+00:00,50.335117700000005,5.516666666666666e-05,0.0
2017-02-19 06:00:00+00:00,48.41752903166667,6.283333333333333e-05,0.0
2017-02-19 07:00:00+00:00,40.518906873333336,0.00011833333333333333,0.0
2017-02-19 08:00:00+00:00,43.88749939833333,0.008961333333333333,0.0
2017-02-19 09:00:00+00:00,51.157463723333336,0.04204333333333333,0.0
2017-02-19 10:00:00+00:00,59.126595215,0.08211166666666667,0.0
2017-02-19 11:00:00+00:00,66.10448470333333,0.15008333333333335,0.0
2017-02-19 12:00:00+00:00,68.90336970166668,0.1175,0.0
2017-02-19 13:00:00+00:00,72.88336826833333,0.12516666666666668,0.0
2017-02-19 14:00:00+00:00,74.32658239833333,0.16006666666666666,0.0
2017-02-19 15:00:00+00:00,73.162315575,0.20986666666666667,0.0
2017-02-19 16:00:00+00:00,71.61479802166667,0.1325,0.0
2017-02-19 17:00:00+00:00,73.70437898833332,0.08473833333333333,0.0
2017-02-19 18:00:00+00:00,91.30395647499999,0.02511883333333333,0.0
2017-02-19 19:00:00+00:00,94.42310381166666,0.000411,0.0
2017-02-19 20:00:00+00:00,94.17271025000001,6.783333333333335e-05,0.0
2017-02-19 21:00:00+00:00,90.85193971,4.6500000000000005e-05,0.0
2017-02-19 22:00:00+00:00,83.353031725,6.05e-05,0.0
2017-02-19 23:00:00+00:00,71.53805655833334,4.5833333333333334e-05,0.0
2017-02-20 00:00:00+00:00,60.546448905,5.133333333333333e-05,0.0
2017-02-20 01:00:00+00:00,54.084261673333344,7.083333333333335e-05,0.0
2017-02-20 02:00:00+00:00,50.37961869833333,5.016666666666666e-05,0.0
2017-02-20 03:00:00+00:00,48.34909784166667,5.733333333333333e-05,0.0
2017-02-20 04:00:00+00:00,48.28242588,6.4e-05,0.0
2017-02-20 05:00:00+00:00,51.149656875,5.666666666666667e-05,0.0
2017-02-20 06:00:00+00:00,51.26380391666667,6.233333333333334e-05,0.0
2017-02-20 07:00:00+00:00,50.32721082166667,9.833333333333334e-05,0.0
2017-02-20 08:00:00+00:00,54.41129872,0.0060385,0.0
2017-02-20 09:00:00+00:00,61.18215447333333,0.04093499999999999,0.0
2017-02-20 10:00:00+00:00,68.30746958499999,0.10306666666666667,0.0
2017-02-20 11:00:00+00:00,74.26248031333333,0.13391666666666666,0.0
2017-02-20 12:00:00+00:00,78.67075037,0.14285,0.0
2017-02-20 13:00:00+00:00,79.36828107,0.18136666666666668,0.0
2017-02-20 14:00:00+00:00,77.92625903333332,0.35113333333333324,0.0
2017-02-20 15:00:00+00:00,77.35726536666665,0.32853333333333334,0.0
2017-02-20 16:00:00+00:00,77.123542365,0.3259166666666667,0.0
2017-02-20 17:00:00+00:00,80.449096365,0.24473333333333336,0.0
2017-02-20 18:00:00+00:00,94.783424645,0.057139999999999996,0.0
2017-02-20 19:00:00+00:00,96.11948064499998,0.0009371666666666667,0.0
2017-02-20 20:00:00+00:00,95.97957926500001,6.416666666666666e-05,0.0
2017-02-20 21:00:00+00:00,91.926849255,4.883333333333333e-05,0.0
2017-02-20 22:00:00+00:00,82.63283497833334,4.95e-05,0.0
2017-02-20 23:00:00+00:00,70.20035677833334,5.783333333333333e-05,0.0
2017-02-21 00:00:00+00:00,60.087822285,5.449999999999999e-05,0.0
2017-02-21 01:00:00+00:00,53.547434133333326,5.6333333333333325e-05,0.0
2017-02-21 02:00:00+00:00,49.426235526666666,5.3e-05,0.0
2017-02-21 03:00:00+00:00,48.08643021333333,5.516666666666666e-05,0.0
2017-02-21 04:00:00+00:00,48.19823965166667,4.766666666666666e-05,0.0
2017-02-21 05:00:00+00:00,50.727964531666665,5.316666666666667e-05,0.0
2017-02-21 06:00:00+00:00,50.21329178333333,5.7e-05,0.0
2017-02-21 07:00:00+00:00,49.29108330333334,0.0003868333333333333,0.0
2017-02-21 08:00:00+00:00,52.93772656666666,0.0293925,0.0
2017-02-21 09:00:00+00:00,60.01217943500001,0.07046166666666666,0.0
2017-02-21 10:00:00+00:00,66.81406750000001,0.13878333333333334,0.0
2017-02-21 11:00:00+00:00,72.83296578666666,0.28809999999999997,0.0
2017-02-21 12:00:00+00:00,77.03015988333334,0.7001333333333333,0.0
2017-02-21 13:00:00+00:00,78.38714534833333,0.8184666666666667,0.0
2017-02-21 14:00:00+00:00,77.53504753499999,0.7606166666666667,0.0
2017-02-21 15:00:00+00:00,76.95758685666667,0.6213666666666666,0.0
2017-02-21 16:00:00+00:00,75.24358321166667,0.3751,0.0
2017-02-21 17:00:00+00:00,78.67956134833332,0.11943333333333334,0.0
2017-02-21 18:00:00+00:00,92.94361057333334,0.04473166666666666,0.0
2017-02-21 19:00:00+00:00,95.46760984333334,0.0012658333333333334,0.0
2017-02-21 20:00:00+00:00,95.13035292833335,4.2166666666666664e-05,0.0
2017-02-21 21:00:00+00:00,91.16859239166666,4.5833333333333334e-05,0.0
2017-02-21 22:00:00+00:00,83.56747093833334,4.5333333333333335e-05,0.0
2017-02-21 23:00:00+00:00,71.80983981166666,5.3e-05,0.0
2017-02-22 00:00:00+00:00,60.636143858333334,5.3666666666666666e-05,0.0
2017-02-22 01:00:00+00:00,51.86152955333333,6.283333333333333e-05,0.0
2017-02-22 02:00:00+00:00,49.21181036333333,5.383333333333334e-05,0.0
2017-02-22 03:00:00+00:00,48.21003420833333,5.316666666666667e-05,0.0
2017-02-22 04:00:00+00:00,48.10167537,5.983333333333333e-05,0.0
2017-02-22 05:00:00+00:00,50.844269363333325,5.9166666666666664e-05,0.0
2017-02-22 06:00:00+00:00,50.21115748833333,5.9166666666666664e-05,0.0
2017-02-22 07:00:00+00:00,49.70469763833333,0.0004088333333333333,0.0
2017-02-22 08:00:00+00:00,54.10169551,0.08288549999999999,0.0
2017-02-22 09:00:00+00:00,60.792702549999994,0.25761666666666666,0.0
2017-02-22 10:00:00+00:00,66.81171799500001,0.47934999999999994,0.0
2017-02-22 11:00:00+00:00,71.62814534,0.5643166666666667,0.0
2017-02-22 12:00:00+00:00,75.51865549833333,0.6762833333333333,0.0
2017-02-22 13:00:00+00:00,75.699104865,0.6978333333333334,0.0
2017-02-22 14:00:00+00:00,74.54255082333333,0.6399,0.0
2017-02-22 15:00:00+00:00,73.39983201833333,0.5421833333333332,0.0
2017-02-22 16:00:00+00:00,72.22422186666667,0.41940000000000005,0.0
2017-02-22 17:00:00+00:00,74.18828052999999,0.23936666666666667,0.0
2017-02-22 18:00:00+00:00,92.18942476833334,0.05744666666666667,0.0
2017-02-22 19:00:00+00:00,95.30224416666667,0.0019006666666666668,0.0
2017-02-22 20:00:00+00:00,95.80242205333333,5.933333333333333e-05,0.0
2017-02-22 21:00:00+00:00,92.886554265,5.8833333333333325e-05,0.0
2017-02-22 22:00:00+00:00,84.71315344833334,4.15e-05,0.0
2017-02-22 23:00:00+00:00,71.84362874,4.566666666666666e-05,0.0
2017-02-23 00:00:00+00:00,62.48557729833333,5.516666666666666e-05,0.0
2017-02-23 01:00:00+00:00,55.08178657333333,4.5333333333333335e-05,0.0
2017-02-23 02:00:00+00:00,51.02402855833334,5.2499999999999995e-05,0.0
2017-02-23 03:00:00+00:00,49.25218124166666,5.8666666666666665e-05,0.0
2017-02-23 04:00:00+00:00,48.558561106666666,5.5499999999999994e-05,0.0
2017-02-23 05:00:00+00:00,51.87994741333333,5.933333333333333e-05,0.0
2017-02-23 06:00:00+00:00,50.562468224999996,5.2499999999999995e-05,0.0
2017-02-23 07:00:00+00:00,48.74132737000001,0.0007521666666666666,0.0
2017-02-23 08:00:00+00:00,53.84230752166666,0.083755,0.0
2017-02-23 09:00:00+00:00,61.521578955,0.13101666666666667,0.0
2017-02-23 10:00:00+00:00,67.11621527333334,0.5019333333333333,0.0
2017-02-23 11:00:00+00:00,71.98892157666667,0.7048666666666666,0.0
2017-02-23 12:00:00+00:00,74.75348334333334,0.7131666666666666,0.0
2017-02-23 13:00:00+00:00,74.64980749166666,0.7951666666666666,0.0
2017-02-23 14:00:00+00:00,74.24463619833334,0.7098000000000001,0.0
2017-02-23 15:00:00+00:00,73.59706011833332,0.5556,0.0
2017-02-23 16:00:00+00:00,71.27167308833333,0.34629999999999994,0.009721684500107963
2017-02-23 17:00:00+00:00,71.25947058,0.09145,0.009656037472050757
2017-02-23 18:00:00+00:00,91.15266563166666,0.04509166666666667,0.009656037472050757
2017-02-23 19:00:00+00:00,96.51793951166665,0.0015503333333333333,0.008998912
2017-02-23 20:00:00+00:00,96.74124018833334,3.5499999999999996e-05,0.0
2017-02-23 21:00:00+00:00,93.98927381333333,3.1333333333333334e-05,0.0
2017-02-23 22:00:00+00:00,86.35025392,2.683333333333333e-05,0.0
2017-02-23 23:00:00+00:00,74.60015668166666,3.433333333333333e-05,0.0
2017-02-24 00:00:00+00:00,63.40151540833333,4.2166666666666664e-05,0.0
2017-02-24 01:00:00+00:00,55.72673344333334,5.6999999999999996e-05,0.0
2017-02-24 02:00:00+00:00,52.060723365,4.1666666666666665e-05,0.0
2017-02-24 03:00:00+00:00,50.243755105,4.266666666666666e-05,0.0
2017-02-24 04:00:00+00:00,49.96626553666667,4.6666666666666665e-05,0.0
2017-02-24 05:00:00+00:00,52.68577625,3.9666666666666664e-05,0.0
2017-02-24 06:00:00+00:00,51.36535802833333,5.5499999999999994e-05,0.0
2017-02-24 07:00:00+00:00,49.46662297,0.0008733333333333334,0.0
2017-02-24 08:00:00+00:00,53.79161272666666,0.08344499999999999,0.0
2017-02-24 09:00:00+00:00,60.88481993166666,0.2730333333333333,0.0
2017-02-24 10:00:00+00:00,66.40921471666667,0.4519833333333333,0.0
2017-02-24 11:00:00+00:00,69.54811150333333,0.5883833333333334,0.0
2017-02-24 12:00:00+00:00,70.21870258333333,0.6695500000000001,0.0
2017-02-24 13:00:00+00:00,71.10876558333332,0.7000833333333334,0.0
2017-02-24 14:00:00+00:00,69.80464808833332,0.6667833333333333,0.0
2017-02-24 15:00:00+00:00,68.70511441000001,0.5765833333333333,0.0
2017-02-24 16:00:00+00:00,66.88203463166667,0.4293333333333333,0.0
2017-02-24 17:00:00+00:00,66.91699411500001,0.24611666666666668,0.0
2017-02-24 18:00:00+00:00,87.21193451,0.0773,0.0
2017-02-24 19:00:00+00:00,93.88935621666667,0.0022161666666666666,0.0
2017-02-24 20:00:00+00:00,94.55452082166667,4.9999999999999996e-05,0.0
2017-02-24 21:00:00+00:00,91.3228009,5.7499999999999995e-05,0.0
2017-02-24 22:00:00+00:00,83.24928277333332,5.6999999999999996e-05,0.0
2017-02-24 23:00:00+00:00,72.58189076833334,5.8666666666666665e-05,0.0
2017-02-25 00:00:00+00:00,62.034173345000006,5.566666666666666e-05,0.0
2017-02-25 01:00:00+00:00,54.415385414999996,4.0833333333333334e-05,0.0
2017-02-25 02:00:00+00:00,50.756139723333334,4.899999999999999e-05,0.0
2017-02-25 03:00:00+00:00,48.86265402999999,3.95e-05,0.0
2017-02-25 04:00:00+00:00,48.089780698333335,6.533333333333334e-05,0.0
2017-02-25 05:00:00+00:00,50.57216108666667,5.133333333333333e-05,0.0
2017-02-25 06:00:00+00:00,47.73768923833333,5.016666666666666e-05,0.0
2017-02-25 07:00:00+00:00,43.847010108333336,0.0006343333333333333,0.0
2017-02-25 08:00:00+00:00,49.12619278166667,0.070297,0.0
2017-02-25 09:00:00+00:00,58.00957167833333,0.2720833333333333,0.0
2017-02-25 10:00:00+00:00,65.86475362333333,0.4492,0.0
2017-02-25 11:00:00+00:00,70.06671915000001,0.5782333333333334,0.0
2017-02-25 12:00:00+00:00,72.38550386166666,0.6548999999999999,0.0
2017-02-25 13:00:00+00:00,72.40363123833333,0.6610333333333333,0.0
2017-02-25 14:00:00+00:00,70.68099726333334,0.6398666666666667,0.0
2017-02-25 15:00:00+00:00,68.96687527166667,0.5734833333333333,0.0
2017-02-25 16:00:00+00:00,66.11766413333334,0.44201666666666667,0.0
2017-02-25 17:00:00+00:00,65.55209005666667,0.2529166666666667,0.0
2017-02-25 18:00:00+00:00,84.28624966666668,0.08538833333333333,0.0
2017-02-25 19:00:00+00:00,92.52236566500001,0.0028783333333333334,0.0
2017-02-25 20:00:00+00:00,92.22955275666668,6.95e-05,0.0
2017-02-25 21:00:00+00:00,89.69546505333334,6.533333333333334e-05,0.0
2017-02-25 22:00:00+00:00,85.01890268333334,6.116666666666667e-05,0.0
2017-02-25 23:00:00+00:00,75.760599195,5.866666666666667e-05,0.0
2017-02-26 00:00:00+00:00,65.06195235666667,4.633333333333334e-05,0.0
2017-02-26 01:00:00+00:00,57.06257833833333,4.8333333333333334e-05,0.0
2017-02-26 02:00:00+00:00,51.953545418333334,3.9166666666666665e-05,0.0
2017-02-26 03:00:00+00:00,49.49443675,5.783333333333334e-05,0.0
2017-02-26 04:00:00+00:00,48.957122489999996,5.616666666666667e-05,0.0
2017-02-26 05:00:00+00:00,51.02615689666667,5.4499999999999997e-05,0.0
2017-02-26 06:00:00+00:00,46.94844334833333,5.7999999999999994e-05,0.0
2017-02-26 07:00:00+00:00,40.722866028000006,0.0010456666666666667,0.0
2017-02-26 08:00:00+00:00,44.578172218333336,0.08317166666666667,0.0
2017-02-26 09:00:00+00:00,51.72113673333333,0.26543333333333335,0.0
2017-02-26 10:00:00+00:00,60.270738246666674,0.4411833333333333,0.0
2017-02-26 11:00:00+00:00,65.26936432666668,0.5744,0.0
2017-02-26 12:00:00+00:00,67.38354991333334,0.6556666666666666,0.0
2017-02-26 13:00:00+00:00,68.29319570666668,0.6817833333333333,0.0
2017-02-26 14:00:00+00:00,66.889487305,0.6474166666666666,0.0
2017-02-26 15:00:00+00:00,65.39318609166666,0.5472833333333333,0.0
2017-02-26 16:00:00+00:00,63.194652845,0.4131333333333334,0.0
2017-02-26 17:00:00+00:00,64.44914959,0.24803333333333333,0.0
2017-02-26 18:00:00+00:00,83.19305936666667,0.09841833333333333,0.0
2017-02-26 19:00:00+00:00,91.10180149666667,0.0026318333333333332,0.0
2017-02-26 20:00:00+00:00,92.28444121333334,4.633333333333333e-05,0.0
2017-02-26 21:00:00+00:00,90.30976009666666,3.35e-05,0.0
2017-02-26 22:00:00+00:00,84.36797198333333,3.85e-05,0.0
2017-02-26 23:00:00+00:00,73.34973088666666,3.283333333333333e-05,0.0
2017-02-27 00:00:00+00:00,62.09960322666667,4.3333333333333334e-05,0.0
2017-02-27 01:00:00+00:00,55.018353955,4.2166666666666664e-05,0.0
2017-02-27 02:00:00+00:00,51.518210585,4.816666666666666e-05,0.0
2017-02-27 03:00:00+00:00,49.36898874333334,4.633333333333334e-05,0.0
2017-02-27 04:00:00+00:00,49.78366778333333,5.566666666666667e-05,0.0
2017-02-27 05:00:00+00:00,52.38110867499999,4.2833333333333335e-05,0.0
2017-02-27 06:00:00+00:00,50.05875801,4.883333333333333e-05,0.0
2017-02-27 07:00:00+00:00,49.19585020833334,0.0020038333333333336,0.0
2017-02-27 08:00:00+00:00,53.79803965166667,0.08883999999999999,0.0
2017-02-27 09:00:00+00:00,60.364412935000004,0.23911666666666667,0.0
2017-02-27 10:00:00+00:00,66.02164120500001,0.39855,0.0
2017-02-27 11:00:00+00:00,70.33987093,0.5948166666666667,0.0
2017-02-27 12:00:00+00:00,72.63951594,0.6744166666666667,0.0
2017-02-27 13:00:00+00:00,73.019475965,0.7055666666666666,0.0
2017-02-27 14:00:00+00:00,72.36677389666667,0.6698500000000001,0.0
2017-02-27 15:00:00+00:00,71.02540468333332,0.5643833333333333,0.0
2017-02-27 16:00:00+00:00,68.65961830500001,0.4352166666666667,0.0
2017-02-27 17:00:00+00:00,67.88199422666666,0.23501666666666668,0.0
2017-02-27 18:00:00+00:00,88.176152035,0.07555166666666666,0.0
2017-02-27 19:00:00+00:00,94.91315626833334,0.003423666666666667,0.0
2017-02-27 20:00:00+00:00,94.852460195,5.566666666666666e-05,0.0
2017-02-27 21:00:00+00:00,91.72848482833334,4.4000000000000006e-05,0.0
2017-02-27 22:00:00+00:00,83.59464164666666,4.233333333333334e-05,0.0
2017-02-27 23:00:00+00:00,71.69714800166666,4.15e-05,0.0
2017-02-28 00:00:00+00:00,61.36447269666667,3.983333333333333e-05,0.0
2017-02-28 01:00:00+00:00,54.59087383333333,7.083333333333332e-05,0.0
2017-02-28 02:00:00+00:00,51.326074545,5.2e-05,0.0
2017-02-28 03:00:00+00:00,49.78816992333333,5.2e-05,0.0
2017-02-28 04:00:00+00:00,49.63075820833333,6.1e-05,0.0
2017-02-28 05:00:00+00:00,52.85877605,5.183333333333334e-05,0.0
2017-02-28 06:00:00+00:00,49.87707772833334,4.95e-05,0.0
2017-02-28 07:00:00+00:00,49.03438214333333,0.0014613333333333334,0.0
2017-02-28 08:00:00+00:00,53.597206396666664,0.07886166666666666,0.0
2017-02-28 09:00:00+00:00,59.688307726666665,0.27015000000000006,0.0
2017-02-28 10:00:00+00:00,66.07498650666666,0.4433833333333334,0.0
2017-02-28 11:00:00+00:00,70.05704181833333,0.5768666666666666,0.0
2017-02-28 12:00:00+00:00,72.38115506999999,0.6748000000000001,0.0
2017-02-28 13:00:00+00:00,72.32754577,0.6788000000000001,0.0
2017-02-28 14:00:00+00:00,70.58096231833333,0.6492833333333333,0.0
2017-02-28 15:00:00+00:00,69.85531182833333,0.51575,0.0
2017-02-28 16:00:00+00:00,68.198758095,0.4035833333333333,0.0
2017-02-28 17:00:00+00:00,68.32162816666666,0.21,0.0
2017-02-28 18:00:00+00:00,86.61685158499999,0.034258333333333335,0.0
2017-02-28 19:00:00+00:00,94.543680925,0.004362166666666667,0.0
2017-02-28 20:00:00+00:00,94.39038115166667,4.2833333333333335e-05,0.0
2017-02-28 21:00:00+00:00,91.34301447166666,4.0833333333333334e-05,0.0
2017-02-28 22:00:00+00:00,83.10434568,3.733333333333333e-05,0.0
2017-02-28 23:00:00+00:00,71.20165589666667,4.516666666666667e-05,0.0
2017-03-01 00:00:00+00:00,61.451244990000006,3.5e-05,0.0
2017-03-01 01:00:00+00:00,54.570366155,3.816666666666666e-05,0.0
2017-03-01 02:00:00+00:00,51.28154306333333,3.416666666666667e-05,0.0
2017-03-01 03:00:00+00:00,49.64961416,2.816666666666667e-05,0.0
2017-03-01 04:00:00+00:00,49.473655151666655,4.1e-05,0.0
2017-03-01 05:00:00+00:00,52.28273021333334,4.899999999999999e-05,0.0
2017-03-01 06:00:00+00:00,49.877377151666664,4.2166666666666664e-05,0.0
2017-03-01 07:00:00+00:00,49.39465626,0.001671166666666667,0.0
2017-03-01 08:00:00+00:00,53.901927868333324,0.09790166666666665,0.0
2017-03-01 09:00:00+00:00,61.39350312333334,0.27973333333333333,0.0
2017-03-01 10:00:00+00:00,66.592162245,0.45181666666666664,0.0
2017-03-01 11:00:00+00:00,70.104394275,0.5837666666666667,0.0
2017-03-01 12:00:00+00:00,71.99078986166667,0.6614333333333333,0.0
2017-03-01 13:00:00+00:00,72.28521673333333,0.6925333333333333,0.0
2017-03-01 14:00:00+00:00,70.73656410166666,0.6565,0.0
2017-03-01 15:00:00+00:00,69.68643105666666,0.5667166666666666,0.0
2017-03-01 16:00:00+00:00,67.83136735833332,0.4273333333333333,0.0
2017-03-01 17:00:00+00:00,67.07798173666667,0.24951666666666666,0.0
2017-03-01 18:00:00+00:00,85.26004978666667,0.06654333333333334,0.0
2017-03-01 19:00:00+00:00,94.410581315,0.003175333333333333,0.0
2017-03-01 20:00:00+00:00,94.34485634,3.733333333333334e-05,0.0
2017-03-01 21:00:00+00:00,91.48856983166665,2.7499999999999998e-05,0.0
2017-03-01 22:00:00+00:00,84.61048267666666,3.4666666666666665e-05,0.0
2017-03-01 23:00:00+00:00,72.50440258166667,3.4166666666666666e-05,0.0
