timestamp,demand_mw,solar_mw,wind_mw
2015-01-01T07:00:00Z,41133.0000,71.0000,10208.0000
2015-01-01T08:00:00Z,42963.0000,773.0000,10029.0000
2015-01-01T09:00:00Z,45088.0000,2117.0000,10550.0000
2015-01-01T10:00:00Z,47013.0000,3364.0000,11390.0000
2015-01-01T11:00:00Z,48159.0000,4198.0000,12103.0000
2015-01-01T12:00:00Z,47164.0000,3500.0000,12505.0000
2015-01-01T13:00:00Z,46752.0000,2279.0000,11921.0000
2015-01-01T14:00:00Z,47403.0000,746.0000,11851.0000
2015-01-01T15:00:00Z,49440.0000,50.0000,13582.0000
2015-01-01T16:00:00Z,53410.0000,0.0000,15436.0000
2015-01-01T17:00:00Z,53672.0000,0.0000,16868.0000
2015-01-01T18:00:00Z,53012.0000,0.0000,18008.0000
2015-01-01T19:00:00Z,50313.0000,0.0000,19181.0000
2015-01-01T20:00:00Z,48730.0000,0.0000,20353.0000
2015-01-01T21:00:00Z,48624.0000,0.0000,21235.0000
2015-01-01T22:00:00Z,45668.0000,0.0000,22083.0000
2015-01-01T23:00:00Z,42424.0000,0.0000,22472.0000
2015-01-02T00:00:00Z,40577.0000,0.0000,23434.0000
2015-01-02T01:00:00Z,39707.0000,0.0000,24248.0000
2015-01-02T02:00:00Z,39504.0000,0.0000,25034.0000
2015-01-02T03:00:00Z,40391.0000,0.0000,25721.0000
2015-01-02T04:00:00Z,42382.0000,0.0000,26172.0000
2015-01-02T05:00:00Z,45679.0000,0.0000,26355.0000
2015-01-02T06:00:00Z,50418.0000,0.0000,26193.0000
2015-01-02T07:00:00Z,54131.0000,38.0000,26590.0000
2015-01-02T08:00:00Z,56505.0000,252.0000,25934.0000
2015-01-02T09:00:00Z,58447.0000,667.0000,25641.0000
2015-01-02T10:00:00Z,59453.0000,1262.0000,25810.0000
2015-01-02T11:00:00Z,59201.0000,1726.0000,25642.0000
2015-01-02T12:00:00Z,58564.0000,1899.0000,25795.0000
2015-01-02T13:00:00Z,57721.0000,1352.0000,25297.0000
2015-01-02T14:00:00Z,57276.0000,516.0000,24982.0000
2015-01-02T15:00:00Z,58813.0000,45.0000,24719.0000
2015-01-02T16:00:00Z,61605.0000,0.0000,24301.0000
2015-01-02T17:00:00Z,61645.0000,0.0000,25010.0000
2015-01-02T18:00:00Z,59283.0000,0.0000,24783.0000
2015-01-02T19:00:00Z,55622.0000,0.0000,24279.0000
2015-01-02T20:00:00Z,53186.0000,0.0000,24366.0000
2015-01-02T21:00:00Z,50691.0000,0.0000,24546.0000
2015-01-02T22:00:00Z,45323.0000,0.0000,24626.0000
2015-01-02T23:00:00Z,40464.0000,0.0000,24076.0000
2015-01-03T00:00:00Z,38338.0000,0.0000,23277.0000
2015-01-03T01:00:00Z,36897.0000,0.0000,22117.0000
2015-01-03T02:00:00Z,36104.0000,0.0000,20918.0000
2015-01-03T03:00:00Z,36453.0000,0.0000,20291.0000
2015-01-03T04:00:00Z,36839.0000,0.0000,20508.0000
2015-01-03T05:00:00Z,38073.0000,0.0000,21327.0000
2015-01-03T06:00:00Z,40819.0000,0.0000,21946.0000
2015-01-03T07:00:00Z,44119.0000,74.0000,22980.0000
2015-01-03T08:00:00Z,47421.0000,608.0000,23419.0000
2015-01-03T09:00:00Z,49756.0000,1279.0000,23097.0000
2015-01-03T10:00:00Z,51917.0000,1700.0000,23230.0000
2015-01-03T11:00:00Z,52205.0000,1618.0000,22829.0000
2015-01-03T12:00:00Z,52147.0000,1155.0000,21174.0000
2015-01-03T13:00:00Z,50677.0000,587.0000,19464.0000
2015-01-03T14:00:00Z,50478.0000,195.0000,17468.0000
2015-01-03T15:00:00Z,52820.0000,21.0000,16038.0000
2015-01-03T16:00:00Z,55854.0000,0.0000,15378.0000
2015-01-03T17:00:00Z,56259.0000,0.0000,14449.0000
2015-01-03T18:00:00Z,55017.0000,0.0000,12946.0000
2015-01-03T19:00:00Z,50801.0000,0.0000,13871.0000
2015-01-03T20:00:00Z,48359.0000,0.0000,15216.0000
2015-01-03T21:00:00Z,47968.0000,0.0000,15811.0000
2015-01-03T22:00:00Z,45427.0000,0.0000,17337.0000
2015-01-03T23:00:00Z,42806.0000,0.0000,17864.0000
2015-01-04T00:00:00Z,38517.0000,0.0000,18736.0000
2015-01-04T01:00:00Z,37082.0000,0.0000,18898.0000
2015-01-04T02:00:00Z,36575.0000,0.0000,18966.0000
2015-01-04T03:00:00Z,36793.0000,0.0000,19098.0000
2015-01-04T04:00:00Z,36336.0000,0.0000,18750.0000
2015-01-04T05:00:00Z,35592.0000,0.0000,18627.0000
2015-01-04T06:00:00Z,38255.0000,0.0000,17995.0000
2015-01-04T07:00:00Z,41037.0000,58.0000,17961.0000
2015-01-04T08:00:00Z,43899.0000,974.0000,17248.0000
2015-01-04T09:00:00Z,46915.0000,2771.0000,16822.0000
2015-01-04T10:00:00Z,50252.0000,4151.0000,16905.0000
2015-01-04T11:00:00Z,50784.0000,4579.0000,16848.0000
2015-01-04T12:00:00Z,48824.0000,3992.0000,16658.0000
2015-01-04T13:00:00Z,47517.0000,2421.0000,16118.0000
2015-01-04T14:00:00Z,47398.0000,952.0000,15084.0000
2015-01-04T15:00:00Z,49465.0000,84.0000,14160.0000
2015-01-04T16:00:00Z,53400.0000,0.0000,13715.0000
2015-01-04T17:00:00Z,54108.0000,0.0000,13750.0000
2015-01-04T18:00:00Z,52621.0000,0.0000,14251.0000
2015-01-04T19:00:00Z,50243.0000,0.0000,14132.0000
2015-01-04T20:00:00Z,48877.0000,0.0000,13069.0000
2015-01-04T21:00:00Z,48808.0000,0.0000,12458.0000
2015-01-04T22:00:00Z,46024.0000,0.0000,12453.0000
2015-01-04T23:00:00Z,42658.0000,0.0000,12321.0000
2015-01-05T00:00:00Z,40699.0000,0.0000,12279.0000
2015-01-05T01:00:00Z,39447.0000,0.0000,12660.0000
2015-01-05T02:00:00Z,39513.0000,0.0000,12763.0000
2015-01-05T03:00:00Z,40440.0000,0.0000,13547.0000
2015-01-05T04:00:00Z,43931.0000,0.0000,14853.0000
2015-01-05T05:00:00Z,50074.0000,0.0000,15410.0000
2015-01-05T06:00:00Z,56244.0000,0.0000,15314.0000
2015-01-05T07:00:00Z,59860.0000,93.0000,15190.0000
2015-01-05T08:00:00Z,61179.0000,1057.0000,14611.0000
2015-01-05T09:00:00Z,62104.0000,2986.0000,13642.0000
2015-01-05T10:00:00Z,63018.0000,4770.0000,12310.0000
2015-01-05T11:00:00Z,62952.0000,5870.0000,11118.0000
2015-01-05T12:00:00Z,62108.0000,5666.0000,9794.0000
2015-01-05T13:00:00Z,61182.0000,4095.0000,7868.0000
2015-01-05T14:00:00Z,60450.0000,1788.0000,6205.0000
2015-01-05T15:00:00Z,61342.0000,197.0000,5077.0000
2015-01-05T16:00:00Z,65130.0000,0.0000,4507.0000
2015-01-05T17:00:00Z,64886.0000,0.0000,4236.0000
2015-01-05T18:00:00Z,63242.0000,0.0000,3924.0000
2015-01-05T19:00:00Z,59162.0000,0.0000,3186.0000
2015-01-05T20:00:00Z,56346.0000,0.0000,2637.0000
2015-01-05T21:00:00Z,54730.0000,0.0000,2108.0000
2015-01-05T22:00:00Z,50564.0000,0.0000,1810.0000
2015-01-05T23:00:00Z,47317.0000,0.0000,1491.0000
2015-01-06T00:00:00Z,45011.0000,0.0000,1171.0000
2015-01-06T01:00:00Z,44015.0000,0.0000,907.0000
2015-01-06T02:00:00Z,44049.0000,0.0000,840.0000
2015-01-06T03:00:00Z,44730.0000,0.0000,916.0000
2015-01-06T04:00:00Z,46416.0000,0.0000,1102.0000
2015-01-06T05:00:00Z,50597.0000,0.0000,1433.0000
2015-01-06T06:00:00Z,55697.0000,0.0000,1793.0000
2015-01-06T07:00:00Z,57954.0000,183.0000,2181.0000
2015-01-06T08:00:00Z,59295.0000,2055.0000,2622.0000
2015-01-06T09:00:00Z,60723.0000,4694.0000,3065.0000
2015-01-06T10:00:00Z,61744.0000,6658.0000,3437.0000
2015-01-06T11:00:00Z,61628.0000,7272.0000,3409.0000
2015-01-06T12:00:00Z,60697.0000,6351.0000,3773.0000
2015-01-06T13:00:00Z,59259.0000,3958.0000,4349.0000
2015-01-06T14:00:00Z,58836.0000,1554.0000,5189.0000
2015-01-06T15:00:00Z,60089.0000,163.0000,6674.0000
2015-01-06T16:00:00Z,63969.0000,0.0000,8121.0000
2015-01-06T17:00:00Z,64219.0000,0.0000,9376.0000
2015-01-06T18:00:00Z,63346.0000,0.0000,9575.0000
2015-01-06T19:00:00Z,59695.0000,0.0000,9714.0000
2015-01-06T20:00:00Z,57114.0000,0.0000,9263.0000
2015-01-06T21:00:00Z,54886.0000,0.0000,9666.0000
2015-01-06T22:00:00Z,50639.0000,0.0000,9524.0000
2015-01-06T23:00:00Z,47308.0000,0.0000,9127.0000
2015-01-07T00:00:00Z,45125.0000,0.0000,8514.0000
2015-01-07T01:00:00Z,44217.0000,0.0000,8188.0000
2015-01-07T02:00:00Z,44368.0000,0.0000,8711.0000
2015-01-07T03:00:00Z,45298.0000,0.0000,8753.0000
2015-01-07T04:00:00Z,48598.0000,0.0000,8452.0000
2015-01-07T05:00:00Z,56626.0000,0.0000,8458.0000
2015-01-07T06:00:00Z,63293.0000,0.0000,8066.0000
2015-01-07T07:00:00Z,65964.0000,50.0000,7725.0000
2015-01-07T08:00:00Z,66400.0000,609.0000,7299.0000
2015-01-07T09:00:00Z,67746.0000,1812.0000,7114.0000
2015-01-07T10:00:00Z,68507.0000,3060.0000,7229.0000
2015-01-07T11:00:00Z,68100.0000,3777.0000,7460.0000
2015-01-07T12:00:00Z,67248.0000,3715.0000,7775.0000
2015-01-07T13:00:00Z,66044.0000,2800.0000,7330.0000
2015-01-07T14:00:00Z,65496.0000,1157.0000,7095.0000
2015-01-07T15:00:00Z,66191.0000,134.0000,7546.0000
2015-01-07T16:00:00Z,69647.0000,0.0000,8698.0000
2015-01-07T17:00:00Z,69425.0000,0.0000,10209.0000
2015-01-07T18:00:00Z,67467.0000,0.0000,11382.0000
2015-01-07T19:00:00Z,63605.0000,0.0000,12803.0000
2015-01-07T20:00:00Z,60469.0000,0.0000,14009.0000
2015-01-07T21:00:00Z,58348.0000,0.0000,14561.0000
2015-01-07T22:00:00Z,54070.0000,0.0000,14790.0000
2015-01-07T23:00:00Z,50460.0000,0.0000,15037.0000
2015-01-08T00:00:00Z,48041.0000,0.0000,15807.0000
2015-01-08T01:00:00Z,47074.0000,0.0000,16449.0000
2015-01-08T02:00:00Z,47228.0000,0.0000,16695.0000
2015-01-08T03:00:00Z,48253.0000,0.0000,16787.0000
2015-01-08T04:00:00Z,51155.0000,0.0000,16751.0000
2015-01-08T05:00:00Z,58605.0000,0.0000,17496.0000
2015-01-08T06:00:00Z,65447.0000,0.0000,18076.0000
2015-01-08T07:00:00Z,68569.0000,57.0000,18039.0000
2015-01-08T08:00:00Z,68599.0000,446.0000,18177.0000
2015-01-08T09:00:00Z,69484.0000,1083.0000,18094.0000
2015-01-08T10:00:00Z,70635.0000,1738.0000,17924.0000
2015-01-08T11:00:00Z,69962.0000,2062.0000,17249.0000
2015-01-08T12:00:00Z,69062.0000,1702.0000,16601.0000
2015-01-08T13:00:00Z,67835.0000,1039.0000,16519.0000
2015-01-08T14:00:00Z,67765.0000,414.0000,15881.0000
2015-01-08T15:00:00Z,68183.0000,58.0000,16707.0000
2015-01-08T16:00:00Z,70139.0000,0.0000,16975.0000
2015-01-08T17:00:00Z,69246.0000,0.0000,18201.0000
2015-01-08T18:00:00Z,67516.0000,0.0000,19836.0000
2015-01-08T19:00:00Z,62992.0000,0.0000,21336.0000
2015-01-08T20:00:00Z,59524.0000,0.0000,22571.0000
2015-01-08T21:00:00Z,57518.0000,0.0000,22747.0000
2015-01-08T22:00:00Z,53026.0000,0.0000,22911.0000
2015-01-08T23:00:00Z,48517.0000,0.0000,22489.0000
2015-01-09T00:00:00Z,46472.0000,0.0000,22208.0000
2015-01-09T01:00:00Z,45546.0000,0.0000,22583.0000
2015-01-09T02:00:00Z,45568.0000,0.0000,23691.0000
2015-01-09T03:00:00Z,46950.0000,0.0000,25057.0000
2015-01-09T04:00:00Z,50426.0000,0.0000,26415.0000
2015-01-09T05:00:00Z,58351.0000,0.0000,27400.0000
2015-01-09T06:00:00Z,65555.0000,0.0000,28102.0000
2015-01-09T07:00:00Z,69326.0000,54.0000,28930.0000
2015-01-09T08:00:00Z,69495.0000,421.0000,29704.0000
2015-01-09T09:00:00Z,70357.0000,974.0000,29755.0000
2015-01-09T10:00:00Z,70829.0000,1398.0000,29097.0000
2015-01-09T11:00:00Z,69565.0000,1473.0000,29389.0000
2015-01-09T12:00:00Z,68267.0000,1235.0000,29671.0000
2015-01-09T13:00:00Z,66887.0000,870.0000,29948.0000
2015-01-09T14:00:00Z,66518.0000,351.0000,30155.0000
2015-01-09T15:00:00Z,67566.0000,46.0000,30151.0000
2015-01-09T16:00:00Z,70120.0000,0.0000,29928.0000
2015-01-09T17:00:00Z,69465.0000,0.0000,28857.0000
2015-01-09T18:00:00Z,66230.0000,0.0000,27610.0000
2015-01-09T19:00:00Z,61923.0000,0.0000,26129.0000
2015-01-09T20:00:00Z,58868.0000,0.0000,23946.0000
2015-01-09T21:00:00Z,55441.0000,0.0000,21901.0000
2015-01-09T22:00:00Z,51740.0000,0.0000,21036.0000
2015-01-09T23:00:00Z,47944.0000,0.0000,20066.0000
2015-01-10T00:00:00Z,45889.0000,0.0000,20244.0000
2015-01-10T01:00:00Z,44455.0000,0.0000,20546.0000
2015-01-10T02:00:00Z,43933.0000,0.0000,21921.0000
2015-01-10T03:00:00Z,43836.0000,0.0000,23217.0000
2015-01-10T04:00:00Z,43841.0000,0.0000,24259.0000
2015-01-10T05:00:00Z,44671.0000,0.0000,26163.0000
2015-01-10T06:00:00Z,48011.0000,0.0000,27333.0000
2015-01-10T07:00:00Z,52333.0000,54.0000,28275.0000
2015-01-10T08:00:00Z,55587.0000,549.0000,28573.0000
2015-01-10T09:00:00Z,57068.0000,2017.0000,28972.0000
2015-01-10T10:00:00Z,58679.0000,4231.0000,29416.0000
2015-01-10T11:00:00Z,59031.0000,5278.0000,29437.0000
2015-01-10T12:00:00Z,57469.0000,4540.0000,29058.0000
2015-01-10T13:00:00Z,55753.0000,2758.0000,28893.0000
2015-01-10T14:00:00Z,54425.0000,961.0000,28518.0000
2015-01-10T15:00:00Z,55698.0000,85.0000,28528.0000
2015-01-10T16:00:00Z,59546.0000,0.0000,28306.0000
2015-01-10T17:00:00Z,59665.0000,0.0000,27903.0000
2015-01-10T18:00:00Z,57456.0000,0.0000,27538.0000
2015-01-10T19:00:00Z,53439.0000,0.0000,26991.0000
2015-01-10T20:00:00Z,51071.0000,0.0000,26413.0000
2015-01-10T21:00:00Z,50351.0000,0.0000,25282.0000
2015-01-10T22:00:00Z,47188.0000,0.0000,24714.0000
2015-01-10T23:00:00Z,43422.0000,0.0000,24177.0000
2015-01-11T00:00:00Z,41048.0000,0.0000,23990.0000
2015-01-11T01:00:00Z,39718.0000,0.0000,23304.0000
2015-01-11T02:00:00Z,39187.0000,0.0000,23096.0000
2015-01-11T03:00:00Z,39643.0000,0.0000,23358.0000
2015-01-11T04:00:00Z,39494.0000,0.0000,23626.0000
2015-01-11T05:00:00Z,38786.0000,0.0000,24642.0000
2015-01-11T06:00:00Z,40821.0000,0.0000,25338.0000
2015-01-11T07:00:00Z,44081.0000,124.0000,26313.0000
2015-01-11T08:00:00Z,47653.0000,1074.0000,26486.0000
2015-01-11T09:00:00Z,51246.0000,2469.0000,27234.0000
2015-01-11T10:00:00Z,54420.0000,3410.0000,27728.0000
2015-01-11T11:00:00Z,54436.0000,4121.0000,28164.0000
2015-01-11T12:00:00Z,52716.0000,3981.0000,28334.0000
2015-01-11T13:00:00Z,51569.0000,3024.0000,28516.0000
2015-01-11T14:00:00Z,51194.0000,1424.0000,28205.0000
2015-01-11T15:00:00Z,52466.0000,180.0000,27910.0000
2015-01-11T16:00:00Z,57143.0000,4.0000,28319.0000
2015-01-11T17:00:00Z,58328.0000,0.0000,28254.0000
2015-01-11T18:00:00Z,56551.0000,0.0000,28342.0000
2015-01-11T19:00:00Z,53601.0000,0.0000,27719.0000
2015-01-11T20:00:00Z,51979.0000,0.0000,26743.0000
2015-01-11T21:00:00Z,52143.0000,0.0000,25379.0000
2015-01-11T22:00:00Z,48829.0000,0.0000,24797.0000
2015-01-11T23:00:00Z,45904.0000,0.0000,24581.0000
2015-01-12T00:00:00Z,44192.0000,0.0000,24303.0000
2015-01-12T01:00:00Z,43720.0000,0.0000,23316.0000
2015-01-12T02:00:00Z,44011.0000,0.0000,22426.0000
2015-01-12T03:00:00Z,45401.0000,0.0000,22173.0000
2015-01-12T04:00:00Z,49613.0000,0.0000,22966.0000
2015-01-12T05:00:00Z,58225.0000,0.0000,24759.0000
2015-01-12T06:00:00Z,66110.0000,0.0000,25598.0000
2015-01-12T07:00:00Z,69474.0000,82.0000,26158.0000
2015-01-12T08:00:00Z,69448.0000,556.0000,26580.0000
2015-01-12T09:00:00Z,70736.0000,1418.0000,27864.0000
2015-01-12T10:00:00Z,72115.0000,2113.0000,28664.0000
2015-01-12T11:00:00Z,72023.0000,2350.0000,28914.0000
2015-01-12T12:00:00Z,71376.0000,2238.0000,29011.0000
2015-01-12T13:00:00Z,70197.0000,1486.0000,28920.0000
2015-01-12T14:00:00Z,69066.0000,640.0000,28964.0000
2015-01-12T15:00:00Z,69524.0000,140.0000,28393.0000
2015-01-12T16:00:00Z,71371.0000,2.0000,27912.0000
2015-01-12T17:00:00Z,71236.0000,0.0000,27768.0000
2015-01-12T18:00:00Z,69205.0000,0.0000,28101.0000
2015-01-12T19:00:00Z,64685.0000,0.0000,28060.0000
2015-01-12T20:00:00Z,61344.0000,0.0000,27659.0000
2015-01-12T21:00:00Z,58672.0000,0.0000,26143.0000
2015-01-12T22:00:00Z,54030.0000,0.0000,24408.0000
2015-01-12T23:00:00Z,50153.0000,0.0000,22772.0000
2015-01-13T00:00:00Z,48218.0000,0.0000,21349.0000
2015-01-13T01:00:00Z,47184.0000,0.0000,20290.0000
2015-01-13T02:00:00Z,47064.0000,0.0000,20158.0000
2015-01-13T03:00:00Z,48760.0000,0.0000,20926.0000
2015-01-13T04:00:00Z,51849.0000,0.0000,21995.0000
2015-01-13T05:00:00Z,59116.0000,0.0000,23468.0000
2015-01-13T06:00:00Z,66543.0000,0.0000,24427.0000
2015-01-13T07:00:00Z,68723.0000,515.0000,25374.0000
2015-01-13T08:00:00Z,68327.0000,3431.0000,25191.0000
2015-01-13T09:00:00Z,68374.0000,6927.0000,25284.0000
2015-01-13T10:00:00Z,68865.0000,9543.0000,25051.0000
2015-01-13T11:00:00Z,68469.0000,10623.0000,24225.0000
2015-01-13T12:00:00Z,67876.0000,9433.0000,22924.0000
2015-01-13T13:00:00Z,65875.0000,6589.0000,22135.0000
2015-01-13T14:00:00Z,65983.0000,2899.0000,21597.0000
2015-01-13T15:00:00Z,66634.0000,320.0000,20710.0000
2015-01-13T16:00:00Z,70119.0000,3.0000,19791.0000
2015-01-13T17:00:00Z,69850.0000,0.0000,19299.0000
2015-01-13T18:00:00Z,67174.0000,0.0000,18779.0000
2015-01-13T19:00:00Z,62622.0000,0.0000,17763.0000
2015-01-13T20:00:00Z,59175.0000,0.0000,18305.0000
2015-01-13T21:00:00Z,56499.0000,0.0000,18439.0000
2015-01-13T22:00:00Z,51949.0000,0.0000,17690.0000
2015-01-13T23:00:00Z,47556.0000,0.0000,16563.0000
2015-01-14T00:00:00Z,45320.0000,0.0000,15740.0000
2015-01-14T01:00:00Z,44513.0000,0.0000,14702.0000
2015-01-14T02:00:00Z,45026.0000,0.0000,14770.0000
2015-01-14T03:00:00Z,46695.0000,0.0000,15447.0000
2015-01-14T04:00:00Z,50345.0000,0.0000,16940.0000
2015-01-14T05:00:00Z,58474.0000,0.0000,18838.0000
2015-01-14T06:00:00Z,65984.0000,0.0000,21319.0000
2015-01-14T07:00:00Z,68576.0000,165.0000,22069.0000
2015-01-14T08:00:00Z,67873.0000,1341.0000,21945.0000
2015-01-14T09:00:00Z,68878.0000,3027.0000,21384.0000
2015-01-14T10:00:00Z,69582.0000,3712.0000,21012.0000
2015-01-14T11:00:00Z,68658.0000,3482.0000,20699.0000
2015-01-14T12:00:00Z,68577.0000,3150.0000,19065.0000
2015-01-14T13:00:00Z,67760.0000,2195.0000,16710.0000
2015-01-14T14:00:00Z,67144.0000,895.0000,14665.0000
2015-01-14T15:00:00Z,67198.0000,136.0000,14449.0000
2015-01-14T16:00:00Z,70156.0000,3.0000,14363.0000
2015-01-14T17:00:00Z,69595.0000,0.0000,14342.0000
2015-01-14T18:00:00Z,67587.0000,0.0000,14373.0000
2015-01-14T19:00:00Z,63598.0000,0.0000,14883.0000
2015-01-14T20:00:00Z,60156.0000,0.0000,15073.0000
2015-01-14T21:00:00Z,57358.0000,0.0000,15000.0000
2015-01-14T22:00:00Z,53648.0000,0.0000,14667.0000
2015-01-14T23:00:00Z,50014.0000,0.0000,14527.0000
2015-01-15T00:00:00Z,48098.0000,0.0000,14660.0000
2015-01-15T01:00:00Z,47108.0000,0.0000,15388.0000
2015-01-15T02:00:00Z,47519.0000,0.0000,16880.0000
2015-01-15T03:00:00Z,48517.0000,0.0000,18635.0000
2015-01-15T04:00:00Z,51717.0000,0.0000,20539.0000
2015-01-15T05:00:00Z,59216.0000,0.0000,22670.0000
2015-01-15T06:00:00Z,65894.0000,0.0000,23729.0000
2015-01-15T07:00:00Z,68785.0000,156.0000,24792.0000
2015-01-15T08:00:00Z,68630.0000,965.0000,25156.0000
2015-01-15T09:00:00Z,69475.0000,2365.0000,25604.0000
2015-01-15T10:00:00Z,70517.0000,3469.0000,25904.0000
2015-01-15T11:00:00Z,69712.0000,3589.0000,26189.0000
2015-01-15T12:00:00Z,69201.0000,3194.0000,25360.0000
2015-01-15T13:00:00Z,68197.0000,2231.0000,24938.0000
2015-01-15T14:00:00Z,67579.0000,1010.0000,24876.0000
2015-01-15T15:00:00Z,67480.0000,171.0000,24851.0000
2015-01-15T16:00:00Z,70186.0000,5.0000,24740.0000
2015-01-15T17:00:00Z,69592.0000,0.0000,25439.0000
2015-01-15T18:00:00Z,67819.0000,0.0000,26233.0000
2015-01-15T19:00:00Z,63806.0000,0.0000,25816.0000
2015-01-15T20:00:00Z,60304.0000,0.0000,25149.0000
2015-01-15T21:00:00Z,57580.0000,0.0000,23866.0000
2015-01-15T22:00:00Z,53037.0000,0.0000,23076.0000
2015-01-15T23:00:00Z,49276.0000,0.0000,21981.0000
2015-01-16T00:00:00Z,46279.0000,0.0000,21120.0000
2015-01-16T01:00:00Z,44534.0000,0.0000,21067.0000
2015-01-16T02:00:00Z,45939.0000,0.0000,20426.0000
2015-01-16T03:00:00Z,47898.0000,0.0000,19524.0000
2015-01-16T04:00:00Z,51456.0000,0.0000,18648.0000
2015-01-16T05:00:00Z,59074.0000,0.0000,17529.0000
2015-01-16T06:00:00Z,66271.0000,0.0000,16527.0000
2015-01-16T07:00:00Z,68400.0000,292.0000,15430.0000
2015-01-16T08:00:00Z,68027.0000,1737.0000,13551.0000
2015-01-16T09:00:00Z,68375.0000,3489.0000,12074.0000
2015-01-16T10:00:00Z,68696.0000,4690.0000,10710.0000
2015-01-16T11:00:00Z,67681.0000,4721.0000,8943.0000
2015-01-16T12:00:00Z,66189.0000,3852.0000,7502.0000
2015-01-16T13:00:00Z,64631.0000,2642.0000,5676.0000
2015-01-16T14:00:00Z,63772.0000,1215.0000,4293.0000
2015-01-16T15:00:00Z,64204.0000,176.0000,3698.0000
2015-01-16T16:00:00Z,67360.0000,4.0000,4124.0000
2015-01-16T17:00:00Z,66923.0000,0.0000,4319.0000
2015-01-16T18:00:00Z,64680.0000,0.0000,4382.0000
2015-01-16T19:00:00Z,60464.0000,0.0000,4206.0000
2015-01-16T20:00:00Z,57066.0000,0.0000,4166.0000
2015-01-16T21:00:00Z,54807.0000,0.0000,3891.0000
2015-01-16T22:00:00Z,50985.0000,0.0000,3667.0000
2015-01-16T23:00:00Z,47703.0000,0.0000,3850.0000
2015-01-17T00:00:00Z,45369.0000,0.0000,4134.0000
2015-01-17T01:00:00Z,44383.0000,0.0000,4536.0000
2015-01-17T02:00:00Z,44029.0000,0.0000,4863.0000
2015-01-17T03:00:00Z,44168.0000,0.0000,5187.0000
2015-01-17T04:00:00Z,43903.0000,0.0000,5365.0000
2015-01-17T05:00:00Z,44481.0000,0.0000,5589.0000
2015-01-17T06:00:00Z,48133.0000,0.0000,5764.0000
2015-01-17T07:00:00Z,52095.0000,91.0000,6303.0000
2015-01-17T08:00:00Z,55104.0000,917.0000,6179.0000
2015-01-17T09:00:00Z,56978.0000,2494.0000,5621.0000
2015-01-17T10:00:00Z,57872.0000,4013.0000,5094.0000
2015-01-17T11:00:00Z,57031.0000,4695.0000,5023.0000
2015-01-17T12:00:00Z,54885.0000,4342.0000,5365.0000
2015-01-17T13:00:00Z,53290.0000,3117.0000,5294.0000
2015-01-17T14:00:00Z,52707.0000,1478.0000,4416.0000
2015-01-17T15:00:00Z,53655.0000,253.0000,4227.0000
2015-01-17T16:00:00Z,57914.0000,5.0000,5131.0000
2015-01-17T17:00:00Z,58820.0000,0.0000,6379.0000
2015-01-17T18:00:00Z,57041.0000,0.0000,6909.0000
2015-01-17T19:00:00Z,53145.0000,0.0000,6897.0000
2015-01-17T20:00:00Z,50831.0000,0.0000,7364.0000
2015-01-17T21:00:00Z,50069.0000,0.0000,7493.0000
2015-01-17T22:00:00Z,47150.0000,0.0000,7268.0000
2015-01-17T23:00:00Z,44157.0000,0.0000,7316.0000
2015-01-18T00:00:00Z,42468.0000,0.0000,7422.0000
2015-01-18T01:00:00Z,41213.0000,0.0000,7365.0000
2015-01-18T02:00:00Z,40643.0000,0.0000,7700.0000
2015-01-18T03:00:00Z,40563.0000,0.0000,7837.0000
2015-01-18T04:00:00Z,40032.0000,0.0000,7747.0000
2015-01-18T05:00:00Z,39157.0000,0.0000,7589.0000
2015-01-18T06:00:00Z,40896.0000,0.0000,7844.0000
2015-01-18T07:00:00Z,43967.0000,249.0000,7291.0000
2015-01-18T08:00:00Z,47041.0000,1890.0000,6644.0000
2015-01-18T09:00:00Z,49625.0000,4117.0000,5865.0000
2015-01-18T10:00:00Z,52113.0000,5860.0000,5230.0000
2015-01-18T11:00:00Z,52189.0000,6597.0000,4785.0000
2015-01-18T12:00:00Z,50148.0000,5981.0000,4182.0000
2015-01-18T13:00:00Z,48763.0000,4297.0000,3714.0000
2015-01-18T14:00:00Z,48479.0000,1987.0000,3351.0000
2015-01-18T15:00:00Z,49108.0000,275.0000,3233.0000
2015-01-18T16:00:00Z,54287.0000,6.0000,3478.0000
2015-01-18T17:00:00Z,55881.0000,0.0000,3991.0000
2015-01-18T18:00:00Z,54678.0000,0.0000,4124.0000
2015-01-18T19:00:00Z,52336.0000,0.0000,3977.0000
2015-01-18T20:00:00Z,50835.0000,0.0000,3834.0000
2015-01-18T21:00:00Z,51297.0000,0.0000,3607.0000
2015-01-18T22:00:00Z,48568.0000,0.0000,3377.0000
2015-01-18T23:00:00Z,45408.0000,0.0000,3028.0000
2015-01-19T00:00:00Z,43874.0000,0.0000,2542.0000
2015-01-19T01:00:00Z,43324.0000,0.0000,2111.0000
2015-01-19T02:00:00Z,43616.0000,0.0000,1746.0000
2015-01-19T03:00:00Z,45132.0000,0.0000,1425.0000
2015-01-19T04:00:00Z,48847.0000,0.0000,1256.0000
2015-01-19T05:00:00Z,57739.0000,0.0000,1346.0000
2015-01-19T06:00:00Z,65475.0000,0.0000,1539.0000
2015-01-19T07:00:00Z,67913.0000,293.0000,1631.0000
2015-01-19T08:00:00Z,68452.0000,1552.0000,1465.0000
2015-01-19T09:00:00Z,69193.0000,3178.0000,1201.0000
2015-01-19T10:00:00Z,69874.0000,4473.0000,908.0000
2015-01-19T11:00:00Z,69315.0000,4874.0000,769.0000
2015-01-19T12:00:00Z,69029.0000,4487.0000,742.0000
2015-01-19T13:00:00Z,68195.0000,3145.0000,722.0000
2015-01-19T14:00:00Z,67445.0000,1436.0000,811.0000
2015-01-19T15:00:00Z,66956.0000,238.0000,990.0000
2015-01-19T16:00:00Z,69802.0000,5.0000,1182.0000
2015-01-19T17:00:00Z,69656.0000,0.0000,1311.0000
2015-01-19T18:00:00Z,68035.0000,0.0000,1305.0000
2015-01-19T19:00:00Z,63812.0000,0.0000,1301.0000
2015-01-19T20:00:00Z,60416.0000,0.0000,1336.0000
2015-01-19T21:00:00Z,57789.0000,0.0000,1353.0000
2015-01-19T22:00:00Z,53272.0000,0.0000,1341.0000
2015-01-19T23:00:00Z,50138.0000,0.0000,1287.0000
2015-01-20T00:00:00Z,47985.0000,0.0000,1195.0000
2015-01-20T01:00:00Z,47002.0000,0.0000,1176.0000
2015-01-20T02:00:00Z,47512.0000,0.0000,1094.0000
2015-01-20T03:00:00Z,48529.0000,0.0000,973.0000
2015-01-20T04:00:00Z,51622.0000,0.0000,898.0000
2015-01-20T05:00:00Z,59120.0000,0.0000,856.0000
2015-01-20T06:00:00Z,66205.0000,0.0000,866.0000
2015-01-20T07:00:00Z,68861.0000,93.0000,848.0000
2015-01-20T08:00:00Z,69136.0000,628.0000,757.0000
2015-01-20T09:00:00Z,70265.0000,1229.0000,606.0000
2015-01-20T10:00:00Z,70771.0000,1780.0000,471.0000
2015-01-20T11:00:00Z,70426.0000,2211.0000,368.0000
2015-01-20T12:00:00Z,69880.0000,2183.0000,338.0000
2015-01-20T13:00:00Z,68892.0000,1654.0000,374.0000
2015-01-20T14:00:00Z,68259.0000,843.0000,386.0000
2015-01-20T15:00:00Z,67634.0000,164.0000,389.0000
2015-01-20T16:00:00Z,70708.0000,6.0000,460.0000
2015-01-20T17:00:00Z,70336.0000,0.0000,523.0000
2015-01-20T18:00:00Z,68495.0000,0.0000,539.0000
2015-01-20T19:00:00Z,64528.0000,0.0000,564.0000
2015-01-20T20:00:00Z,60887.0000,0.0000,694.0000
2015-01-20T21:00:00Z,57910.0000,0.0000,720.0000
2015-01-20T22:00:00Z,53902.0000,0.0000,791.0000
2015-01-20T23:00:00Z,50388.0000,0.0000,852.0000
2015-01-21T00:00:00Z,48261.0000,0.0000,840.0000
2015-01-21T01:00:00Z,47427.0000,0.0000,871.0000
2015-01-21T02:00:00Z,47738.0000,0.0000,895.0000
2015-01-21T03:00:00Z,48746.0000,0.0000,927.0000
2015-01-21T04:00:00Z,51835.0000,0.0000,1059.0000
2015-01-21T05:00:00Z,59360.0000,0.0000,1254.0000
2015-01-21T06:00:00Z,66263.0000,0.0000,1439.0000
2015-01-21T07:00:00Z,68609.0000,177.0000,1632.0000
2015-01-21T08:00:00Z,69062.0000,1305.0000,1697.0000
2015-01-21T09:00:00Z,69913.0000,2662.0000,1476.0000
2015-01-21T10:00:00Z,70239.0000,3937.0000,1282.0000
2015-01-21T11:00:00Z,69535.0000,4720.0000,1139.0000
2015-01-21T12:00:00Z,68982.0000,4370.0000,1205.0000
2015-01-21T13:00:00Z,68051.0000,3081.0000,1330.0000
2015-01-21T14:00:00Z,67389.0000,1562.0000,1623.0000
2015-01-21T15:00:00Z,67051.0000,300.0000,2188.0000
2015-01-21T16:00:00Z,70266.0000,6.0000,2758.0000
2015-01-21T17:00:00Z,70414.0000,0.0000,3368.0000
2015-01-21T18:00:00Z,68659.0000,0.0000,3830.0000
2015-01-21T19:00:00Z,64410.0000,0.0000,3939.0000
2015-01-21T20:00:00Z,61021.0000,0.0000,3963.0000
2015-01-21T21:00:00Z,58394.0000,0.0000,3996.0000
2015-01-21T22:00:00Z,54175.0000,0.0000,3995.0000
2015-01-21T23:00:00Z,50907.0000,0.0000,3684.0000
2015-01-22T00:00:00Z,48985.0000,0.0000,3478.0000
2015-01-22T01:00:00Z,48044.0000,0.0000,3378.0000
2015-01-22T02:00:00Z,47940.0000,0.0000,3330.0000
2015-01-22T03:00:00Z,48786.0000,0.0000,3432.0000
2015-01-22T04:00:00Z,51654.0000,0.0000,3662.0000
2015-01-22T05:00:00Z,59131.0000,0.0000,3647.0000
2015-01-22T06:00:00Z,66542.0000,0.0000,3513.0000
2015-01-22T07:00:00Z,68960.0000,152.0000,3377.0000
2015-01-22T08:00:00Z,69197.0000,856.0000,3080.0000
2015-01-22T09:00:00Z,70243.0000,1748.0000,2679.0000
2015-01-22T10:00:00Z,71005.0000,2434.0000,2349.0000
2015-01-22T11:00:00Z,70300.0000,2472.0000,2059.0000
2015-01-22T12:00:00Z,69823.0000,2123.0000,1952.0000
2015-01-22T13:00:00Z,69396.0000,1520.0000,1909.0000
2015-01-22T14:00:00Z,68734.0000,683.0000,1898.0000
2015-01-22T15:00:00Z,68247.0000,125.0000,2003.0000
2015-01-22T16:00:00Z,70502.0000,6.0000,2216.0000
2015-01-22T17:00:00Z,70410.0000,0.0000,2354.0000
2015-01-22T18:00:00Z,68623.0000,0.0000,2300.0000
2015-01-22T19:00:00Z,64759.0000,0.0000,2174.0000
2015-01-22T20:00:00Z,61343.0000,0.0000,2105.0000
2015-01-22T21:00:00Z,58912.0000,0.0000,1935.0000
2015-01-22T22:00:00Z,54581.0000,0.0000,1799.0000
2015-01-22T23:00:00Z,50788.0000,0.0000,1666.0000
2015-01-23T00:00:00Z,48785.0000,0.0000,1567.0000
2015-01-23T01:00:00Z,47813.0000,0.0000,1489.0000
2015-01-23T02:00:00Z,48103.0000,0.0000,1474.0000
2015-01-23T03:00:00Z,49093.0000,0.0000,1512.0000
2015-01-23T04:00:00Z,51882.0000,0.0000,1424.0000
2015-01-23T05:00:00Z,58938.0000,0.0000,1419.0000
2015-01-23T06:00:00Z,66125.0000,0.0000,1394.0000
2015-01-23T07:00:00Z,68473.0000,47.0000,1260.0000
2015-01-23T08:00:00Z,68556.0000,350.0000,1049.0000
2015-01-23T09:00:00Z,69566.0000,818.0000,922.0000
2015-01-23T10:00:00Z,69898.0000,1275.0000,831.0000
2015-01-23T11:00:00Z,69204.0000,1485.0000,795.0000
2015-01-23T12:00:00Z,68146.0000,1401.0000,812.0000
2015-01-23T13:00:00Z,66905.0000,1024.0000,827.0000
2015-01-23T14:00:00Z,66065.0000,508.0000,872.0000
2015-01-23T15:00:00Z,66088.0000,100.0000,1021.0000
2015-01-23T16:00:00Z,68865.0000,7.0000,1071.0000
2015-01-23T17:00:00Z,68723.0000,0.0000,1202.0000
2015-01-23T18:00:00Z,66321.0000,0.0000,1456.0000
2015-01-23T19:00:00Z,62192.0000,0.0000,1936.0000
2015-01-23T20:00:00Z,58967.0000,0.0000,2625.0000
2015-01-23T21:00:00Z,57041.0000,0.0000,3296.0000
2015-01-23T22:00:00Z,54048.0000,0.0000,3925.0000
2015-01-23T23:00:00Z,51140.0000,0.0000,4411.0000
2015-01-24T00:00:00Z,48721.0000,0.0000,4819.0000
2015-01-24T01:00:00Z,49596.0000,0.0000,5542.0000
2015-01-24T02:00:00Z,49906.0000,0.0000,6645.0000
2015-01-24T03:00:00Z,49793.0000,0.0000,7357.0000
2015-01-24T04:00:00Z,47904.0000,0.0000,7510.0000
2015-01-24T05:00:00Z,46321.0000,0.0000,7913.0000
2015-01-24T06:00:00Z,49079.0000,0.0000,8086.0000
2015-01-24T07:00:00Z,51778.0000,157.0000,7908.0000
2015-01-24T08:00:00Z,55538.0000,737.0000,7576.0000
2015-01-24T09:00:00Z,58070.0000,1220.0000,7041.0000
2015-01-24T10:00:00Z,60193.0000,1730.0000,6166.0000
2015-01-24T11:00:00Z,59612.0000,2017.0000,5404.0000
2015-01-24T12:00:00Z,57603.0000,1920.0000,5172.0000
2015-01-24T13:00:00Z,56044.0000,1324.0000,4835.0000
2015-01-24T14:00:00Z,55414.0000,635.0000,4872.0000
2015-01-24T15:00:00Z,55614.0000,90.0000,5235.0000
2015-01-24T16:00:00Z,59505.0000,4.0000,5623.0000
2015-01-24T17:00:00Z,60419.0000,0.0000,6280.0000
2015-01-24T18:00:00Z,58200.0000,0.0000,6692.0000
2015-01-24T19:00:00Z,54217.0000,0.0000,7029.0000
2015-01-24T20:00:00Z,51700.0000,0.0000,7118.0000
2015-01-24T21:00:00Z,51454.0000,0.0000,7068.0000
2015-01-24T22:00:00Z,48771.0000,0.0000,7496.0000
2015-01-24T23:00:00Z,45660.0000,0.0000,7608.0000
2015-01-25T00:00:00Z,43563.0000,0.0000,7921.0000
2015-01-25T01:00:00Z,42562.0000,0.0000,7826.0000
2015-01-25T02:00:00Z,41804.0000,0.0000,7752.0000
2015-01-25T03:00:00Z,41524.0000,0.0000,7447.0000
2015-01-25T04:00:00Z,41003.0000,0.0000,7119.0000
2015-01-25T05:00:00Z,39678.0000,0.0000,6671.0000
2015-01-25T06:00:00Z,41325.0000,0.0000,6432.0000
2015-01-25T07:00:00Z,44054.0000,126.0000,6012.0000
2015-01-25T08:00:00Z,47997.0000,727.0000,5614.0000
2015-01-25T09:00:00Z,51192.0000,1387.0000,4778.0000
2015-01-25T10:00:00Z,53687.0000,2016.0000,4251.0000
2015-01-25T11:00:00Z,53453.0000,2317.0000,3971.0000
2015-01-25T12:00:00Z,51386.0000,2242.0000,3615.0000
2015-01-25T13:00:00Z,50114.0000,1692.0000,3295.0000
2015-01-25T14:00:00Z,49644.0000,877.0000,3053.0000
2015-01-25T15:00:00Z,50512.0000,177.0000,3045.0000
2015-01-25T16:00:00Z,55223.0000,9.0000,2976.0000
2015-01-25T17:00:00Z,57086.0000,0.0000,2958.0000
2015-01-25T18:00:00Z,55711.0000,0.0000,2934.0000
2015-01-25T19:00:00Z,53282.0000,0.0000,2893.0000
2015-01-25T20:00:00Z,51817.0000,0.0000,2738.0000
2015-01-25T21:00:00Z,52230.0000,0.0000,2654.0000
2015-01-25T22:00:00Z,49521.0000,0.0000,2712.0000
2015-01-25T23:00:00Z,46454.0000,0.0000,3042.0000
2015-01-26T00:00:00Z,44467.0000,0.0000,3425.0000
2015-01-26T01:00:00Z,43941.0000,0.0000,3831.0000
2015-01-26T02:00:00Z,44300.0000,0.0000,4285.0000
2015-01-26T03:00:00Z,45868.0000,0.0000,4829.0000
2015-01-26T04:00:00Z,49798.0000,0.0000,5286.0000
2015-01-26T05:00:00Z,58751.0000,0.0000,5866.0000
2015-01-26T06:00:00Z,65874.0000,1.0000,6581.0000
2015-01-26T07:00:00Z,68660.0000,141.0000,7134.0000
2015-01-26T08:00:00Z,68736.0000,542.0000,7861.0000
2015-01-26T09:00:00Z,70221.0000,1103.0000,8500.0000
2015-01-26T10:00:00Z,71462.0000,1772.0000,9044.0000
2015-01-26T11:00:00Z,71176.0000,2250.0000,9818.0000
2015-01-26T12:00:00Z,70765.0000,2249.0000,10328.0000
2015-01-26T13:00:00Z,69632.0000,1584.0000,10554.0000
2015-01-26T14:00:00Z,68581.0000,790.0000,10918.0000
2015-01-26T15:00:00Z,68202.0000,157.0000,11718.0000
2015-01-26T16:00:00Z,70783.0000,7.0000,12848.0000
2015-01-26T17:00:00Z,70883.0000,0.0000,13842.0000
2015-01-26T18:00:00Z,69341.0000,0.0000,13989.0000
2015-01-26T19:00:00Z,65221.0000,0.0000,13728.0000
2015-01-26T20:00:00Z,61753.0000,0.0000,13397.0000
2015-01-26T21:00:00Z,58769.0000,0.0000,13712.0000
2015-01-26T22:00:00Z,54503.0000,0.0000,14745.0000
2015-01-26T23:00:00Z,51183.0000,0.0000,15353.0000
2015-01-27T00:00:00Z,49395.0000,0.0000,15522.0000
2015-01-27T01:00:00Z,48501.0000,0.0000,15541.0000
2015-01-27T02:00:00Z,48702.0000,0.0000,15201.0000
2015-01-27T03:00:00Z,49610.0000,0.0000,15179.0000
2015-01-27T04:00:00Z,52571.0000,0.0000,15132.0000
2015-01-27T05:00:00Z,60032.0000,0.0000,14943.0000
2015-01-27T06:00:00Z,66720.0000,0.0000,14962.0000
2015-01-27T07:00:00Z,68466.0000,139.0000,14271.0000
2015-01-27T08:00:00Z,68269.0000,1033.0000,12805.0000
2015-01-27T09:00:00Z,69100.0000,2223.0000,12510.0000
2015-01-27T10:00:00Z,70081.0000,3310.0000,12213.0000
2015-01-27T11:00:00Z,69432.0000,3723.0000,12171.0000
2015-01-27T12:00:00Z,68948.0000,3209.0000,11626.0000
2015-01-27T13:00:00Z,67922.0000,2338.0000,11494.0000
2015-01-27T14:00:00Z,67443.0000,1294.0000,10512.0000
2015-01-27T15:00:00Z,66672.0000,292.0000,9059.0000
2015-01-27T16:00:00Z,69423.0000,12.0000,7844.0000
2015-01-27T17:00:00Z,70216.0000,0.0000,7646.0000
2015-01-27T18:00:00Z,68337.0000,0.0000,7449.0000
2015-01-27T19:00:00Z,64402.0000,0.0000,6872.0000
2015-01-27T20:00:00Z,60965.0000,0.0000,6610.0000
2015-01-27T21:00:00Z,58254.0000,0.0000,6576.0000
2015-01-27T22:00:00Z,54066.0000,0.0000,6204.0000
2015-01-27T23:00:00Z,50848.0000,0.0000,6288.0000
2015-01-28T00:00:00Z,48565.0000,0.0000,6073.0000
2015-01-28T01:00:00Z,47477.0000,0.0000,6183.0000
2015-01-28T02:00:00Z,47814.0000,0.0000,6673.0000
2015-01-28T03:00:00Z,49219.0000,0.0000,7456.0000
2015-01-28T04:00:00Z,52359.0000,0.0000,8498.0000
2015-01-28T05:00:00Z,59808.0000,0.0000,9741.0000
2015-01-28T06:00:00Z,66823.0000,0.0000,11304.0000
2015-01-28T07:00:00Z,68966.0000,143.0000,12770.0000
2015-01-28T08:00:00Z,69270.0000,900.0000,14602.0000
2015-01-28T09:00:00Z,70276.0000,1896.0000,16524.0000
2015-01-28T10:00:00Z,71282.0000,2847.0000,18851.0000
2015-01-28T11:00:00Z,71348.0000,3445.0000,21088.0000
2015-01-28T12:00:00Z,70833.0000,3302.0000,23099.0000
2015-01-28T13:00:00Z,69952.0000,2438.0000,24618.0000
2015-01-28T14:00:00Z,70018.0000,1299.0000,25473.0000
2015-01-28T15:00:00Z,69699.0000,299.0000,26698.0000
2015-01-28T16:00:00Z,72415.0000,12.0000,27153.0000
2015-01-28T17:00:00Z,72853.0000,0.0000,27082.0000
2015-01-28T18:00:00Z,71021.0000,0.0000,26199.0000
2015-01-28T19:00:00Z,66473.0000,0.0000,25981.0000
2015-01-28T20:00:00Z,63637.0000,0.0000,25527.0000
2015-01-28T21:00:00Z,61481.0000,0.0000,24532.0000
2015-01-28T22:00:00Z,56917.0000,0.0000,23422.0000
2015-01-28T23:00:00Z,50909.0000,0.0000,22152.0000
2015-01-29T00:00:00Z,48776.0000,0.0000,21690.0000
2015-01-29T01:00:00Z,47172.0000,0.0000,21180.0000
2015-01-29T02:00:00Z,47702.0000,0.0000,20759.0000
2015-01-29T03:00:00Z,48771.0000,0.0000,20607.0000
2015-01-29T04:00:00Z,51013.0000,0.0000,20677.0000
2015-01-29T05:00:00Z,59719.0000,0.0000,21100.0000
2015-01-29T06:00:00Z,67602.0000,1.0000,21618.0000
2015-01-29T07:00:00Z,69427.0000,375.0000,21839.0000
2015-01-29T08:00:00Z,70268.0000,2341.0000,21686.0000
2015-01-29T09:00:00Z,71813.0000,4195.0000,21974.0000
2015-01-29T10:00:00Z,72934.0000,5282.0000,21474.0000
2015-01-29T11:00:00Z,72104.0000,5502.0000,21339.0000
2015-01-29T12:00:00Z,71366.0000,4717.0000,20073.0000
2015-01-29T13:00:00Z,70982.0000,3318.0000,18270.0000
2015-01-29T14:00:00Z,69811.0000,1691.0000,15844.0000
2015-01-29T15:00:00Z,68360.0000,349.0000,13673.0000
2015-01-29T16:00:00Z,70389.0000,13.0000,12592.0000
2015-01-29T17:00:00Z,70993.0000,0.0000,11967.0000
2015-01-29T18:00:00Z,69203.0000,0.0000,10881.0000
2015-01-29T19:00:00Z,65094.0000,0.0000,9984.0000
2015-01-29T20:00:00Z,61483.0000,0.0000,9172.0000
2015-01-29T21:00:00Z,58525.0000,0.0000,8509.0000
2015-01-29T22:00:00Z,54392.0000,0.0000,7769.0000
2015-01-29T23:00:00Z,50544.0000,0.0000,5728.0000
2015-01-30T00:00:00Z,48558.0000,0.0000,4937.0000
2015-01-30T01:00:00Z,47964.0000,0.0000,3975.0000
2015-01-30T02:00:00Z,48057.0000,0.0000,3391.0000
2015-01-30T03:00:00Z,49158.0000,0.0000,3214.0000
2015-01-30T04:00:00Z,51850.0000,0.0000,3007.0000
2015-01-30T05:00:00Z,59244.0000,0.0000,2983.0000
2015-01-30T06:00:00Z,66100.0000,1.0000,2838.0000
2015-01-30T07:00:00Z,68260.0000,137.0000,3126.0000
2015-01-30T08:00:00Z,68725.0000,740.0000,3401.0000
2015-01-30T09:00:00Z,69520.0000,1549.0000,3910.0000
2015-01-30T10:00:00Z,69807.0000,2236.0000,4162.0000
2015-01-30T11:00:00Z,68945.0000,2699.0000,4058.0000
2015-01-30T12:00:00Z,67444.0000,2607.0000,4312.0000
2015-01-30T13:00:00Z,65798.0000,2101.0000,4286.0000
2015-01-30T14:00:00Z,64420.0000,1114.0000,3793.0000
2015-01-30T15:00:00Z,64511.0000,267.0000,3505.0000
2015-01-30T16:00:00Z,67658.0000,12.0000,3210.0000
2015-01-30T17:00:00Z,68792.0000,0.0000,3306.0000
2015-01-30T18:00:00Z,66630.0000,0.0000,3612.0000
2015-01-30T19:00:00Z,62400.0000,0.0000,3830.0000
2015-01-30T20:00:00Z,59173.0000,0.0000,4073.0000
2015-01-30T21:00:00Z,57408.0000,0.0000,3929.0000
2015-01-30T22:00:00Z,54083.0000,0.0000,3772.0000
2015-01-30T23:00:00Z,50335.0000,0.0000,4938.0000
2015-01-31T00:00:00Z,48177.0000,0.0000,5018.0000
2015-01-31T01:00:00Z,46929.0000,0.0000,5478.0000
2015-01-31T02:00:00Z,46027.0000,0.0000,6001.0000
2015-01-31T03:00:00Z,45923.0000,0.0000,6463.0000
2015-01-31T04:00:00Z,45254.0000,0.0000,6502.0000
2015-01-31T05:00:00Z,45482.0000,0.0000,6242.0000
2015-01-31T06:00:00Z,48875.0000,1.0000,6027.0000
2015-01-31T07:00:00Z,52896.0000,152.0000,5834.0000
2015-01-31T08:00:00Z,56106.0000,761.0000,5695.0000
2015-01-31T09:00:00Z,57385.0000,1846.0000,5495.0000
2015-01-31T10:00:00Z,58239.0000,3168.0000,5252.0000
2015-01-31T11:00:00Z,57511.0000,3936.0000,5081.0000
2015-01-31T12:00:00Z,55522.0000,4204.0000,5022.0000
2015-01-31T13:00:00Z,54435.0000,3565.0000,4882.0000
2015-01-31T14:00:00Z,53546.0000,2033.0000,4763.0000
2015-01-31T15:00:00Z,53708.0000,524.0000,4553.0000
2015-01-31T16:00:00Z,57689.0000,21.0000,4728.0000
2015-01-31T17:00:00Z,59478.0000,0.0000,5209.0000
2015-01-31T18:00:00Z,57093.0000,0.0000,5626.0000
2015-01-31T19:00:00Z,53510.0000,0.0000,6051.0000
2015-01-31T20:00:00Z,51122.0000,0.0000,6309.0000
2015-01-31T21:00:00Z,50760.0000,0.0000,6197.0000
2015-01-31T22:00:00Z,48080.0000,0.0000,5922.0000
2015-01-31T23:00:00Z,45272.0000,0.0000,5604.0000
2015-02-01T00:00:00Z,42863.0000,0.0000,5197.0000
2015-02-01T01:00:00Z,41706.0000,0.0000,4854.0000
2015-02-01T02:00:00Z,41187.0000,0.0000,4286.0000
2015-02-01T03:00:00Z,40990.0000,0.0000,4005.0000
2015-02-01T04:00:00Z,40322.0000,0.0000,3879.0000
2015-02-01T05:00:00Z,39251.0000,0.0000,3850.0000
2015-02-01T06:00:00Z,41236.0000,3.0000,3857.0000
2015-02-01T07:00:00Z,44283.0000,356.0000,3689.0000
2015-02-01T08:00:00Z,47866.0000,1772.0000,3476.0000
2015-02-01T09:00:00Z,50427.0000,3424.0000,3263.0000
2015-02-01T10:00:00Z,52824.0000,4372.0000,3415.0000
2015-02-01T11:00:00Z,52551.0000,4738.0000,3412.0000
2015-02-01T12:00:00Z,50776.0000,4365.0000,3767.0000
2015-02-01T13:00:00Z,49343.0000,3309.0000,4216.0000
2015-02-01T14:00:00Z,48978.0000,1885.0000,4565.0000
2015-02-01T15:00:00Z,49380.0000,440.0000,5243.0000
2015-02-01T16:00:00Z,53440.0000,16.0000,5885.0000
2015-02-01T17:00:00Z,56292.0000,0.0000,6396.0000
2015-02-01T18:00:00Z,55451.0000,0.0000,7157.0000
2015-02-01T19:00:00Z,53184.0000,0.0000,7398.0000
2015-02-01T20:00:00Z,51911.0000,0.0000,7379.0000
2015-02-01T21:00:00Z,52434.0000,0.0000,7684.0000
2015-02-01T22:00:00Z,50139.0000,0.0000,7590.0000
2015-02-01T23:00:00Z,47521.0000,0.0000,7351.0000
2015-02-02T00:00:00Z,45816.0000,0.0000,7331.0000
2015-02-02T01:00:00Z,44892.0000,0.0000,7050.0000
2015-02-02T02:00:00Z,45096.0000,0.0000,7472.0000
2015-02-02T03:00:00Z,46818.0000,0.0000,8119.0000
2015-02-02T04:00:00Z,50595.0000,0.0000,8367.0000
2015-02-02T05:00:00Z,58899.0000,0.0000,8555.0000
2015-02-02T06:00:00Z,66063.0000,3.0000,9232.0000
2015-02-02T07:00:00Z,68007.0000,280.0000,9271.0000
2015-02-02T08:00:00Z,68587.0000,1346.0000,9087.0000
2015-02-02T09:00:00Z,69635.0000,2593.0000,9023.0000
2015-02-02T10:00:00Z,70997.0000,3379.0000,9117.0000
2015-02-02T11:00:00Z,70805.0000,3908.0000,9780.0000
2015-02-02T12:00:00Z,70077.0000,3794.0000,9651.0000
2015-02-02T13:00:00Z,68979.0000,2841.0000,9185.0000
2015-02-02T14:00:00Z,67991.0000,1624.0000,8408.0000
2015-02-02T15:00:00Z,66768.0000,479.0000,7722.0000
2015-02-02T16:00:00Z,69377.0000,21.0000,7641.0000
2015-02-02T17:00:00Z,70632.0000,0.0000,7420.0000
2015-02-02T18:00:00Z,69150.0000,0.0000,7717.0000
2015-02-02T19:00:00Z,65057.0000,0.0000,7839.0000
2015-02-02T20:00:00Z,61842.0000,0.0000,7771.0000
2015-02-02T21:00:00Z,59541.0000,0.0000,7672.0000
2015-02-02T22:00:00Z,55289.0000,0.0000,7175.0000
2015-02-02T23:00:00Z,52126.0000,0.0000,6798.0000
2015-02-03T00:00:00Z,50039.0000,0.0000,6469.0000
2015-02-03T01:00:00Z,49457.0000,0.0000,6379.0000
2015-02-03T02:00:00Z,49602.0000,0.0000,6453.0000
2015-02-03T03:00:00Z,50780.0000,0.0000,6294.0000
2015-02-03T04:00:00Z,53250.0000,0.0000,5868.0000
2015-02-03T05:00:00Z,60038.0000,0.0000,5628.0000
2015-02-03T06:00:00Z,66719.0000,4.0000,5040.0000
2015-02-03T07:00:00Z,68819.0000,347.0000,4473.0000
2015-02-03T08:00:00Z,69261.0000,1421.0000,3913.0000
2015-02-03T09:00:00Z,70111.0000,2776.0000,3734.0000
2015-02-03T10:00:00Z,70459.0000,4221.0000,3671.0000
2015-02-03T11:00:00Z,70134.0000,5181.0000,3727.0000
2015-02-03T12:00:00Z,68910.0000,5163.0000,3525.0000
2015-02-03T13:00:00Z,67622.0000,4439.0000,3319.0000
2015-02-03T14:00:00Z,66924.0000,2927.0000,3565.0000
2015-02-03T15:00:00Z,66057.0000,1008.0000,3268.0000
2015-02-03T16:00:00Z,68891.0000,43.0000,3283.0000
2015-02-03T17:00:00Z,70889.0000,0.0000,3099.0000
2015-02-03T18:00:00Z,69297.0000,0.0000,2824.0000
2015-02-03T19:00:00Z,65432.0000,0.0000,2688.0000
2015-02-03T20:00:00Z,61812.0000,0.0000,2479.0000
2015-02-03T21:00:00Z,59384.0000,0.0000,2446.0000
2015-02-03T22:00:00Z,55706.0000,0.0000,2471.0000
2015-02-03T23:00:00Z,52444.0000,0.0000,2535.0000
2015-02-04T00:00:00Z,50321.0000,0.0000,2338.0000
2015-02-04T01:00:00Z,49351.0000,0.0000,2096.0000
2015-02-04T02:00:00Z,49460.0000,0.0000,2109.0000
2015-02-04T03:00:00Z,50406.0000,0.0000,2172.0000
2015-02-04T04:00:00Z,53350.0000,0.0000,2177.0000
2015-02-04T05:00:00Z,60713.0000,0.0000,2151.0000
2015-02-04T06:00:00Z,67175.0000,8.0000,2012.0000
2015-02-04T07:00:00Z,68926.0000,460.0000,1934.0000
2015-02-04T08:00:00Z,69575.0000,1850.0000,1586.0000
2015-02-04T09:00:00Z,70397.0000,3585.0000,1430.0000
2015-02-04T10:00:00Z,70907.0000,5204.0000,1471.0000
2015-02-04T11:00:00Z,70131.0000,6035.0000,1479.0000
2015-02-04T12:00:00Z,69435.0000,5982.0000,1663.0000
2015-02-04T13:00:00Z,68297.0000,4898.0000,1970.0000
2015-02-04T14:00:00Z,67418.0000,2971.0000,1961.0000
2015-02-04T15:00:00Z,66726.0000,920.0000,1711.0000
2015-02-04T16:00:00Z,69271.0000,38.0000,1620.0000
2015-02-04T17:00:00Z,71160.0000,0.0000,1488.0000
2015-02-04T18:00:00Z,69626.0000,0.0000,1331.0000
2015-02-04T19:00:00Z,65611.0000,0.0000,1197.0000
2015-02-04T20:00:00Z,62408.0000,0.0000,1150.0000
2015-02-04T21:00:00Z,60283.0000,0.0000,1053.0000
2015-02-04T22:00:00Z,56179.0000,0.0000,1001.0000
2015-02-04T23:00:00Z,52693.0000,0.0000,1117.0000
2015-02-05T00:00:00Z,50594.0000,0.0000,1241.0000
2015-02-05T01:00:00Z,49378.0000,0.0000,1361.0000
2015-02-05T02:00:00Z,49286.0000,0.0000,1501.0000
2015-02-05T03:00:00Z,50172.0000,0.0000,1775.0000
2015-02-05T04:00:00Z,53276.0000,0.0000,2018.0000
2015-02-05T05:00:00Z,60385.0000,0.0000,2076.0000
2015-02-05T06:00:00Z,67106.0000,8.0000,2190.0000
2015-02-05T07:00:00Z,68993.0000,479.0000,2438.0000
2015-02-05T08:00:00Z,69081.0000,1720.0000,2480.0000
2015-02-05T09:00:00Z,69359.0000,3440.0000,2708.0000
2015-02-05T10:00:00Z,70452.0000,4886.0000,3205.0000
2015-02-05T11:00:00Z,70020.0000,5784.0000,3731.0000
2015-02-05T12:00:00Z,69759.0000,5524.0000,4627.0000
2015-02-05T13:00:00Z,68360.0000,4084.0000,5459.0000
2015-02-05T14:00:00Z,67976.0000,2366.0000,6156.0000
2015-02-05T15:00:00Z,67284.0000,709.0000,6585.0000
2015-02-05T16:00:00Z,69481.0000,40.0000,7599.0000
2015-02-05T17:00:00Z,71162.0000,0.0000,8946.0000
2015-02-05T18:00:00Z,69796.0000,0.0000,9910.0000
2015-02-05T19:00:00Z,65856.0000,0.0000,10301.0000
2015-02-05T20:00:00Z,62586.0000,0.0000,10322.0000
2015-02-05T21:00:00Z,60329.0000,0.0000,10309.0000
2015-02-05T22:00:00Z,56473.0000,0.0000,10475.0000
2015-02-05T23:00:00Z,52888.0000,0.0000,10106.0000
2015-02-06T00:00:00Z,51001.0000,0.0000,9824.0000
2015-02-06T01:00:00Z,50041.0000,0.0000,9653.0000
2015-02-06T02:00:00Z,50138.0000,0.0000,9286.0000
2015-02-06T03:00:00Z,50837.0000,0.0000,9339.0000
2015-02-06T04:00:00Z,53603.0000,0.0000,9131.0000
2015-02-06T05:00:00Z,60775.0000,0.0000,8793.0000
2015-02-06T06:00:00Z,67489.0000,9.0000,8553.0000
2015-02-06T07:00:00Z,69348.0000,525.0000,7949.0000
2015-02-06T08:00:00Z,69768.0000,2316.0000,7551.0000
2015-02-06T09:00:00Z,70123.0000,4784.0000,6918.0000
2015-02-06T10:00:00Z,70404.0000,7243.0000,6871.0000
2015-02-06T11:00:00Z,69190.0000,8706.0000,6712.0000
2015-02-06T12:00:00Z,67425.0000,8825.0000,6676.0000
2015-02-06T13:00:00Z,65628.0000,7483.0000,6585.0000
2015-02-06T14:00:00Z,65248.0000,4789.0000,6668.0000
2015-02-06T15:00:00Z,64549.0000,1586.0000,6579.0000
2015-02-06T16:00:00Z,67310.0000,75.0000,6425.0000
2015-02-06T17:00:00Z,69539.0000,0.0000,5967.0000
2015-02-06T18:00:00Z,67770.0000,0.0000,5647.0000
2015-02-06T19:00:00Z,63714.0000,0.0000,5300.0000
2015-02-06T20:00:00Z,60562.0000,0.0000,4960.0000
2015-02-06T21:00:00Z,58930.0000,0.0000,4635.0000
2015-02-06T22:00:00Z,55675.0000,0.0000,4411.0000
2015-02-06T23:00:00Z,52643.0000,0.0000,4114.0000
2015-02-07T00:00:00Z,50874.0000,0.0000,3927.0000
2015-02-07T01:00:00Z,49355.0000,0.0000,3973.0000
2015-02-07T02:00:00Z,48294.0000,0.0000,4107.0000
2015-02-07T03:00:00Z,47901.0000,0.0000,4353.0000
2015-02-07T04:00:00Z,47264.0000,0.0000,4847.0000
2015-02-07T05:00:00Z,47595.0000,0.0000,5423.0000
2015-02-07T06:00:00Z,50570.0000,15.0000,6096.0000
2015-02-07T07:00:00Z,53695.0000,853.0000,6549.0000
2015-02-07T08:00:00Z,56728.0000,3547.0000,6723.0000
2015-02-07T09:00:00Z,58320.0000,6218.0000,7176.0000
2015-02-07T10:00:00Z,59256.0000,8317.0000,7991.0000
2015-02-07T11:00:00Z,58584.0000,8993.0000,9094.0000
2015-02-07T12:00:00Z,56620.0000,8047.0000,10787.0000
2015-02-07T13:00:00Z,55216.0000,6123.0000,12237.0000
2015-02-07T14:00:00Z,54731.0000,3526.0000,13910.0000
2015-02-07T15:00:00Z,54924.0000,1132.0000,15185.0000
2015-02-07T16:00:00Z,58279.0000,58.0000,16191.0000
2015-02-07T17:00:00Z,61577.0000,0.0000,17554.0000
2015-02-07T18:00:00Z,58978.0000,0.0000,18788.0000
2015-02-07T19:00:00Z,55307.0000,0.0000,19987.0000
2015-02-07T20:00:00Z,51932.0000,0.0000,21303.0000
2015-02-07T21:00:00Z,51959.0000,0.0000,22170.0000
2015-02-07T22:00:00Z,49465.0000,0.0000,22792.0000
2015-02-07T23:00:00Z,46702.0000,0.0000,23061.0000
2015-02-08T00:00:00Z,44616.0000,0.0000,23570.0000
2015-02-08T01:00:00Z,43499.0000,0.0000,24104.0000
2015-02-08T02:00:00Z,42969.0000,0.0000,23560.0000
2015-02-08T03:00:00Z,42462.0000,0.0000,22569.0000
2015-02-08T04:00:00Z,41602.0000,0.0000,21562.0000
2015-02-08T05:00:00Z,40637.0000,0.0000,20382.0000
2015-02-08T06:00:00Z,42974.0000,14.0000,19683.0000
2015-02-08T07:00:00Z,46276.0000,915.0000,18382.0000
2015-02-08T08:00:00Z,50121.0000,3238.0000,18171.0000
2015-02-08T09:00:00Z,53019.0000,6114.0000,17565.0000
2015-02-08T10:00:00Z,54398.0000,8143.0000,17093.0000
2015-02-08T11:00:00Z,53545.0000,9308.0000,16876.0000
2015-02-08T12:00:00Z,51588.0000,9369.0000,15713.0000
2015-02-08T13:00:00Z,49815.0000,8060.0000,14814.0000
2015-02-08T14:00:00Z,48948.0000,5300.0000,13467.0000
2015-02-08T15:00:00Z,49318.0000,1842.0000,11963.0000
2015-02-08T16:00:00Z,53045.0000,125.0000,10957.0000
2015-02-08T17:00:00Z,57915.0000,0.0000,11306.0000
2015-02-08T18:00:00Z,56828.0000,0.0000,11599.0000
2015-02-08T19:00:00Z,54665.0000,0.0000,12208.0000
2015-02-08T20:00:00Z,53423.0000,0.0000,13407.0000
2015-02-08T21:00:00Z,54043.0000,0.0000,14679.0000
2015-02-08T22:00:00Z,51381.0000,0.0000,15482.0000
2015-02-08T23:00:00Z,48545.0000,0.0000,16311.0000
2015-02-09T00:00:00Z,46620.0000,0.0000,17170.0000
2015-02-09T01:00:00Z,45892.0000,0.0000,17510.0000
2015-02-09T02:00:00Z,46311.0000,0.0000,17993.0000
2015-02-09T03:00:00Z,47544.0000,0.0000,18673.0000
2015-02-09T04:00:00Z,51090.0000,0.0000,19066.0000
2015-02-09T05:00:00Z,59627.0000,0.0000,19705.0000
2015-02-09T06:00:00Z,66517.0000,7.0000,19645.0000
2015-02-09T07:00:00Z,69206.0000,252.0000,19228.0000
2015-02-09T08:00:00Z,69923.0000,949.0000,18352.0000
2015-02-09T09:00:00Z,71300.0000,1848.0000,17916.0000
2015-02-09T10:00:00Z,72006.0000,2587.0000,17747.0000
2015-02-09T11:00:00Z,71613.0000,2883.0000,18039.0000
2015-02-09T12:00:00Z,71101.0000,2673.0000,18011.0000
2015-02-09T13:00:00Z,70211.0000,2119.0000,17461.0000
2015-02-09T14:00:00Z,69257.0000,1241.0000,16225.0000
2015-02-09T15:00:00Z,68198.0000,440.0000,15186.0000
2015-02-09T16:00:00Z,69703.0000,50.0000,14027.0000
2015-02-09T17:00:00Z,71103.0000,0.0000,13282.0000
2015-02-09T18:00:00Z,69424.0000,0.0000,12630.0000
2015-02-09T19:00:00Z,65219.0000,0.0000,11672.0000
2015-02-09T20:00:00Z,61809.0000,0.0000,11280.0000
2015-02-09T21:00:00Z,58982.0000,0.0000,10938.0000
2015-02-09T22:00:00Z,54577.0000,0.0000,10546.0000
2015-02-09T23:00:00Z,50769.0000,0.0000,10203.0000
2015-02-10T00:00:00Z,48681.0000,0.0000,9629.0000
2015-02-10T01:00:00Z,47694.0000,0.0000,9482.0000
2015-02-10T02:00:00Z,47873.0000,0.0000,9236.0000
2015-02-10T03:00:00Z,49162.0000,0.0000,8629.0000
2015-02-10T04:00:00Z,52517.0000,0.0000,7996.0000
2015-02-10T05:00:00Z,60193.0000,0.0000,7654.0000
2015-02-10T06:00:00Z,66567.0000,15.0000,7623.0000
2015-02-10T07:00:00Z,68353.0000,400.0000,7205.0000
2015-02-10T08:00:00Z,68612.0000,1545.0000,6959.0000
2015-02-10T09:00:00Z,69959.0000,2848.0000,7091.0000
2015-02-10T10:00:00Z,70566.0000,3889.0000,6971.0000
2015-02-10T11:00:00Z,70283.0000,4495.0000,7152.0000
2015-02-10T12:00:00Z,69765.0000,4231.0000,6857.0000
2015-02-10T13:00:00Z,68683.0000,3429.0000,6596.0000
2015-02-10T14:00:00Z,67614.0000,2261.0000,6083.0000
2015-02-10T15:00:00Z,66382.0000,927.0000,5077.0000
2015-02-10T16:00:00Z,68158.0000,86.0000,4294.0000
2015-02-10T17:00:00Z,70535.0000,0.0000,3855.0000
2015-02-10T18:00:00Z,68371.0000,0.0000,3435.0000
2015-02-10T19:00:00Z,64530.0000,0.0000,3152.0000
2015-02-10T20:00:00Z,61033.0000,0.0000,3049.0000
2015-02-10T21:00:00Z,58512.0000,0.0000,2913.0000
2015-02-10T22:00:00Z,54148.0000,0.0000,2588.0000
2015-02-10T23:00:00Z,50375.0000,0.0000,2277.0000
2015-02-11T00:00:00Z,48200.0000,0.0000,2050.0000
2015-02-11T01:00:00Z,47515.0000,0.0000,1859.0000
2015-02-11T02:00:00Z,47880.0000,0.0000,1615.0000
2015-02-11T03:00:00Z,49080.0000,0.0000,1346.0000
2015-02-11T04:00:00Z,52002.0000,0.0000,1258.0000
2015-02-11T05:00:00Z,59547.0000,0.0000,1168.0000
2015-02-11T06:00:00Z,65832.0000,23.0000,1043.0000
2015-02-11T07:00:00Z,68082.0000,475.0000,975.0000
2015-02-11T08:00:00Z,68656.0000,1555.0000,836.0000
2015-02-11T09:00:00Z,69802.0000,2772.0000,701.0000
2015-02-11T10:00:00Z,70288.0000,3838.0000,601.0000
2015-02-11T11:00:00Z,69695.0000,4628.0000,495.0000
2015-02-11T12:00:00Z,68707.0000,5044.0000,468.0000
2015-02-11T13:00:00Z,67479.0000,4671.0000,423.0000
2015-02-11T14:00:00Z,66585.0000,3384.0000,486.0000
2015-02-11T15:00:00Z,65630.0000,1471.0000,627.0000
2015-02-11T16:00:00Z,67692.0000,150.0000,849.0000
2015-02-11T17:00:00Z,70891.0000,0.0000,1082.0000
2015-02-11T18:00:00Z,69375.0000,0.0000,1257.0000
2015-02-11T19:00:00Z,64950.0000,0.0000,1360.0000
2015-02-11T20:00:00Z,61517.0000,0.0000,1400.0000
2015-02-11T21:00:00Z,59248.0000,0.0000,1386.0000
2015-02-11T22:00:00Z,54873.0000,0.0000,1462.0000
2015-02-11T23:00:00Z,51475.0000,0.0000,1407.0000
2015-02-12T00:00:00Z,49442.0000,0.0000,1301.0000
2015-02-12T01:00:00Z,48568.0000,0.0000,1181.0000
2015-02-12T02:00:00Z,48932.0000,0.0000,996.0000
2015-02-12T03:00:00Z,49864.0000,0.0000,800.0000
2015-02-12T04:00:00Z,52260.0000,0.0000,755.0000
2015-02-12T05:00:00Z,60003.0000,0.0000,781.0000
2015-02-12T06:00:00Z,66284.0000,34.0000,844.0000
2015-02-12T07:00:00Z,68495.0000,688.0000,877.0000
2015-02-12T08:00:00Z,69053.0000,2526.0000,824.0000
2015-02-12T09:00:00Z,69854.0000,4688.0000,614.0000
2015-02-12T10:00:00Z,70431.0000,6339.0000,505.0000
2015-02-12T11:00:00Z,69422.0000,7222.0000,478.0000
2015-02-12T12:00:00Z,68081.0000,7158.0000,417.0000
2015-02-12T13:00:00Z,66685.0000,6087.0000,364.0000
2015-02-12T14:00:00Z,65518.0000,4116.0000,357.0000
2015-02-12T15:00:00Z,64340.0000,1598.0000,508.0000
2015-02-12T16:00:00Z,66263.0000,132.0000,765.0000
2015-02-12T17:00:00Z,68993.0000,0.0000,1185.0000
2015-02-12T18:00:00Z,67568.0000,0.0000,1431.0000
2015-02-12T19:00:00Z,63614.0000,0.0000,1578.0000
2015-02-12T20:00:00Z,60437.0000,0.0000,1788.0000
2015-02-12T21:00:00Z,58381.0000,0.0000,1932.0000
2015-02-12T22:00:00Z,54500.0000,0.0000,1957.0000
2015-02-12T23:00:00Z,51513.0000,0.0000,2235.0000
2015-02-13T00:00:00Z,49453.0000,0.0000,2411.0000
2015-02-13T01:00:00Z,48490.0000,0.0000,2554.0000
2015-02-13T02:00:00Z,48752.0000,0.0000,2603.0000
2015-02-13T03:00:00Z,49769.0000,0.0000,2632.0000
2015-02-13T04:00:00Z,52382.0000,0.0000,2741.0000
2015-02-13T05:00:00Z,59144.0000,0.0000,2994.0000
2015-02-13T06:00:00Z,64973.0000,56.0000,3031.0000
2015-02-13T07:00:00Z,66838.0000,1111.0000,2978.0000
2015-02-13T08:00:00Z,67666.0000,4090.0000,2939.0000
2015-02-13T09:00:00Z,68593.0000,7510.0000,2674.0000
2015-02-13T10:00:00Z,68669.0000,10043.0000,2390.0000
2015-02-13T11:00:00Z,67315.0000,11346.0000,2326.0000
2015-02-13T12:00:00Z,65704.0000,11394.0000,2075.0000
2015-02-13T13:00:00Z,64056.0000,9769.0000,2173.0000
2015-02-13T14:00:00Z,62878.0000,6481.0000,2570.0000
2015-02-13T15:00:00Z,62227.0000,2509.0000,3255.0000
2015-02-13T16:00:00Z,64277.0000,222.0000,4659.0000
2015-02-13T17:00:00Z,67621.0000,0.0000,6420.0000
2015-02-13T18:00:00Z,66323.0000,0.0000,7226.0000
2015-02-13T19:00:00Z,62011.0000,0.0000,7417.0000
2015-02-13T20:00:00Z,58611.0000,0.0000,7417.0000
2015-02-13T21:00:00Z,56602.0000,0.0000,7179.0000
2015-02-13T22:00:00Z,53325.0000,0.0000,6940.0000
2015-02-13T23:00:00Z,49938.0000,0.0000,6499.0000
2015-02-14T00:00:00Z,47675.0000,0.0000,6276.0000
2015-02-14T01:00:00Z,46436.0000,0.0000,6020.0000
2015-02-14T02:00:00Z,45958.0000,0.0000,5723.0000
2015-02-14T03:00:00Z,45794.0000,0.0000,5594.0000
2015-02-14T04:00:00Z,45477.0000,0.0000,5506.0000
2015-02-14T05:00:00Z,45563.0000,0.0000,5322.0000
2015-02-14T06:00:00Z,48281.0000,78.0000,5212.0000
2015-02-14T07:00:00Z,52149.0000,1672.0000,4808.0000
2015-02-14T08:00:00Z,55204.0000,4937.0000,3935.0000
2015-02-14T09:00:00Z,56783.0000,8335.0000,3005.0000
2015-02-14T10:00:00Z,57598.0000,10791.0000,2293.0000
2015-02-14T11:00:00Z,56054.0000,11579.0000,1962.0000
2015-02-14T12:00:00Z,53811.0000,11111.0000,1894.0000
2015-02-14T13:00:00Z,52237.0000,9593.0000,1913.0000
2015-02-14T14:00:00Z,51334.0000,6360.0000,2320.0000
2015-02-14T15:00:00Z,51591.0000,2492.0000,2956.0000
2015-02-14T16:00:00Z,54665.0000,237.0000,4279.0000
2015-02-14T17:00:00Z,58697.0000,0.0000,5951.0000
2015-02-14T18:00:00Z,56894.0000,0.0000,7045.0000
2015-02-14T19:00:00Z,53466.0000,0.0000,7524.0000
2015-02-14T20:00:00Z,51102.0000,0.0000,7312.0000
2015-02-14T21:00:00Z,50830.0000,0.0000,7079.0000
2015-02-14T22:00:00Z,48039.0000,0.0000,6603.0000
2015-02-14T23:00:00Z,45129.0000,0.0000,6691.0000
2015-02-15T00:00:00Z,43250.0000,0.0000,6891.0000
2015-02-15T01:00:00Z,42325.0000,0.0000,7476.0000
2015-02-15T02:00:00Z,42065.0000,0.0000,7855.0000
2015-02-15T03:00:00Z,41661.0000,0.0000,8344.0000
2015-02-15T04:00:00Z,41061.0000,0.0000,8827.0000
2015-02-15T05:00:00Z,40472.0000,0.0000,8952.0000
2015-02-15T06:00:00Z,41845.0000,84.0000,9045.0000
2015-02-15T07:00:00Z,45271.0000,1611.0000,8915.0000
2015-02-15T08:00:00Z,48903.0000,4556.0000,7800.0000
2015-02-15T09:00:00Z,51250.0000,7356.0000,6865.0000
2015-02-15T10:00:00Z,53106.0000,9458.0000,6709.0000
2015-02-15T11:00:00Z,51978.0000,10473.0000,6663.0000
2015-02-15T12:00:00Z,49258.0000,10440.0000,6658.0000
2015-02-15T13:00:00Z,47704.0000,8910.0000,6728.0000
2015-02-15T14:00:00Z,46859.0000,5752.0000,6946.0000
2015-02-15T15:00:00Z,46823.0000,2127.0000,6960.0000
2015-02-15T16:00:00Z,50131.0000,173.0000,8495.0000
2015-02-15T17:00:00Z,55058.0000,0.0000,10144.0000
2015-02-15T18:00:00Z,54440.0000,0.0000,10697.0000
2015-02-15T19:00:00Z,52019.0000,0.0000,10514.0000
2015-02-15T20:00:00Z,50496.0000,0.0000,10303.0000
2015-02-15T21:00:00Z,50754.0000,0.0000,10491.0000
2015-02-15T22:00:00Z,48183.0000,0.0000,10426.0000
2015-02-15T23:00:00Z,45781.0000,0.0000,10145.0000
2015-02-16T00:00:00Z,44112.0000,0.0000,10101.0000
2015-02-16T01:00:00Z,43426.0000,0.0000,10045.0000
2015-02-16T02:00:00Z,44038.0000,0.0000,9775.0000
2015-02-16T03:00:00Z,45426.0000,0.0000,9575.0000
2015-02-16T04:00:00Z,48741.0000,0.0000,9296.0000
2015-02-16T05:00:00Z,55375.0000,0.0000,9363.0000
2015-02-16T06:00:00Z,60927.0000,96.0000,9758.0000
2015-02-16T07:00:00Z,64009.0000,1307.0000,9856.0000
2015-02-16T08:00:00Z,65821.0000,4028.0000,9920.0000
2015-02-16T09:00:00Z,67281.0000,7044.0000,9865.0000
2015-02-16T10:00:00Z,67776.0000,9054.0000,8957.0000
2015-02-16T11:00:00Z,67033.0000,10340.0000,8399.0000
2015-02-16T12:00:00Z,65735.0000,10682.0000,7792.0000
2015-02-16T13:00:00Z,64098.0000,9278.0000,7482.0000
2015-02-16T14:00:00Z,62926.0000,6256.0000,7317.0000
2015-02-16T15:00:00Z,61866.0000,2530.0000,7137.0000
2015-02-16T16:00:00Z,63735.0000,248.0000,7611.0000
2015-02-16T17:00:00Z,67527.0000,0.0000,8661.0000
2015-02-16T18:00:00Z,66727.0000,0.0000,8938.0000
2015-02-16T19:00:00Z,62597.0000,0.0000,8555.0000
2015-02-16T20:00:00Z,59863.0000,0.0000,7662.0000
2015-02-16T21:00:00Z,58032.0000,0.0000,6906.0000
2015-02-16T22:00:00Z,54456.0000,0.0000,6072.0000
2015-02-16T23:00:00Z,51442.0000,0.0000,5495.0000
2015-02-17T00:00:00Z,49392.0000,0.0000,4736.0000
2015-02-17T01:00:00Z,48242.0000,0.0000,4242.0000
2015-02-17T02:00:00Z,48275.0000,0.0000,4119.0000
2015-02-17T03:00:00Z,49445.0000,0.0000,3822.0000
2015-02-17T04:00:00Z,52154.0000,0.0000,3404.0000
2015-02-17T05:00:00Z,58511.0000,0.0000,3254.0000
2015-02-17T06:00:00Z,64230.0000,133.0000,3085.0000
2015-02-17T07:00:00Z,66654.0000,1562.0000,2778.0000
2015-02-17T08:00:00Z,67988.0000,3903.0000,2187.0000
2015-02-17T09:00:00Z,69106.0000,5875.0000,1667.0000
2015-02-17T10:00:00Z,70261.0000,6944.0000,1440.0000
2015-02-17T11:00:00Z,69507.0000,6972.0000,1487.0000
2015-02-17T12:00:00Z,68227.0000,6230.0000,1411.0000
2015-02-17T13:00:00Z,67047.0000,4800.0000,1584.0000
2015-02-17T14:00:00Z,66068.0000,2841.0000,1742.0000
2015-02-17T15:00:00Z,65273.0000,964.0000,2102.0000
2015-02-17T16:00:00Z,67240.0000,86.0000,2406.0000
2015-02-17T17:00:00Z,69076.0000,0.0000,2626.0000
2015-02-17T18:00:00Z,67533.0000,0.0000,2636.0000
2015-02-17T19:00:00Z,63640.0000,0.0000,2609.0000
2015-02-17T20:00:00Z,60315.0000,0.0000,2771.0000
2015-02-17T21:00:00Z,57928.0000,0.0000,2889.0000
2015-02-17T22:00:00Z,53825.0000,0.0000,2998.0000
2015-02-17T23:00:00Z,50535.0000,0.0000,2955.0000
2015-02-18T00:00:00Z,48471.0000,0.0000,2826.0000
2015-02-18T01:00:00Z,47292.0000,0.0000,2815.0000
2015-02-18T02:00:00Z,47789.0000,0.0000,2872.0000
2015-02-18T03:00:00Z,49052.0000,0.0000,3043.0000
2015-02-18T04:00:00Z,52152.0000,0.0000,3173.0000
2015-02-18T05:00:00Z,59336.0000,0.0000,3607.0000
2015-02-18T06:00:00Z,65511.0000,55.0000,3759.0000
2015-02-18T07:00:00Z,68092.0000,586.0000,3712.0000
2015-02-18T08:00:00Z,68986.0000,1824.0000,3642.0000
2015-02-18T09:00:00Z,69892.0000,3588.0000,3810.0000
2015-02-18T10:00:00Z,70411.0000,5578.0000,3723.0000
2015-02-18T11:00:00Z,69571.0000,7097.0000,4307.0000
2015-02-18T12:00:00Z,68638.0000,7617.0000,4845.0000
2015-02-18T13:00:00Z,67572.0000,6832.0000,5310.0000
2015-02-18T14:00:00Z,66351.0000,4676.0000,5456.0000
2015-02-18T15:00:00Z,65321.0000,1988.0000,5398.0000
2015-02-18T16:00:00Z,66769.0000,243.0000,6300.0000
2015-02-18T17:00:00Z,70094.0000,0.0000,7842.0000
2015-02-18T18:00:00Z,69567.0000,0.0000,9247.0000
2015-02-18T19:00:00Z,65293.0000,0.0000,9899.0000
2015-02-18T20:00:00Z,61965.0000,0.0000,10109.0000
2015-02-18T21:00:00Z,59342.0000,0.0000,9903.0000
2015-02-18T22:00:00Z,55241.0000,0.0000,9546.0000
2015-02-18T23:00:00Z,51904.0000,0.0000,9110.0000
2015-02-19T00:00:00Z,50002.0000,0.0000,9113.0000
2015-02-19T01:00:00Z,49073.0000,0.0000,9253.0000
2015-02-19T02:00:00Z,49159.0000,0.0000,9446.0000
2015-02-19T03:00:00Z,50408.0000,0.0000,9584.0000
2015-02-19T04:00:00Z,53122.0000,0.0000,9579.0000
2015-02-19T05:00:00Z,59963.0000,0.0000,9818.0000
2015-02-19T06:00:00Z,65939.0000,114.0000,9913.0000
2015-02-19T07:00:00Z,68232.0000,1355.0000,9677.0000
2015-02-19T08:00:00Z,68785.0000,4006.0000,8918.0000
2015-02-19T09:00:00Z,69338.0000,6676.0000,8939.0000
2015-02-19T10:00:00Z,70156.0000,8800.0000,9610.0000
2015-02-19T11:00:00Z,68874.0000,10391.0000,9617.0000
2015-02-19T12:00:00Z,68467.0000,11073.0000,9254.0000
2015-02-19T13:00:00Z,67466.0000,10057.0000,9028.0000
2015-02-19T14:00:00Z,66292.0000,7052.0000,8772.0000
2015-02-19T15:00:00Z,64692.0000,3013.0000,8641.0000
2015-02-19T16:00:00Z,66194.0000,395.0000,9304.0000
2015-02-19T17:00:00Z,70532.0000,4.0000,10488.0000
2015-02-19T18:00:00Z,70044.0000,0.0000,11732.0000
2015-02-19T19:00:00Z,65873.0000,0.0000,12268.0000
2015-02-19T20:00:00Z,62723.0000,0.0000,12642.0000
2015-02-19T21:00:00Z,60188.0000,0.0000,12442.0000
2015-02-19T22:00:00Z,56213.0000,0.0000,12335.0000
2015-02-19T23:00:00Z,52924.0000,0.0000,12685.0000
2015-02-20T00:00:00Z,50961.0000,0.0000,12443.0000
2015-02-20T01:00:00Z,49882.0000,0.0000,12409.0000
2015-02-20T02:00:00Z,49945.0000,0.0000,12787.0000
2015-02-20T03:00:00Z,50681.0000,0.0000,13030.0000
2015-02-20T04:00:00Z,53178.0000,0.0000,13477.0000
2015-02-20T05:00:00Z,59870.0000,0.0000,14186.0000
2015-02-20T06:00:00Z,65397.0000,166.0000,15088.0000
2015-02-20T07:00:00Z,67260.0000,2296.0000,16209.0000
2015-02-20T08:00:00Z,67964.0000,6272.0000,16796.0000
2015-02-20T09:00:00Z,69243.0000,10047.0000,17271.0000
2015-02-20T10:00:00Z,69495.0000,12604.0000,18126.0000
2015-02-20T11:00:00Z,68643.0000,13770.0000,18504.0000
2015-02-20T12:00:00Z,67283.0000,13038.0000,17051.0000
2015-02-20T13:00:00Z,64653.0000,10690.0000,15437.0000
2015-02-20T14:00:00Z,63348.0000,7315.0000,13724.0000
2015-02-20T15:00:00Z,62782.0000,3131.0000,11465.0000
2015-02-20T16:00:00Z,64303.0000,414.0000,10545.0000
2015-02-20T17:00:00Z,67238.0000,2.0000,11203.0000
2015-02-20T18:00:00Z,66352.0000,0.0000,11645.0000
2015-02-20T19:00:00Z,62115.0000,0.0000,11842.0000
2015-02-20T20:00:00Z,58728.0000,0.0000,12222.0000
2015-02-20T21:00:00Z,56590.0000,0.0000,12190.0000
2015-02-20T22:00:00Z,52744.0000,0.0000,12163.0000
2015-02-20T23:00:00Z,48950.0000,0.0000,12472.0000
2015-02-21T00:00:00Z,47205.0000,0.0000,12768.0000
2015-02-21T01:00:00Z,45738.0000,0.0000,13448.0000
2015-02-21T02:00:00Z,44978.0000,0.0000,13823.0000
2015-02-21T03:00:00Z,45031.0000,0.0000,14525.0000
2015-02-21T04:00:00Z,44916.0000,0.0000,14926.0000
2015-02-21T05:00:00Z,45543.0000,0.0000,14906.0000
2015-02-21T06:00:00Z,48592.0000,177.0000,14499.0000
2015-02-21T07:00:00Z,52345.0000,1805.0000,13967.0000
2015-02-21T08:00:00Z,55512.0000,4379.0000,13496.0000
2015-02-21T09:00:00Z,58032.0000,6617.0000,14311.0000
2015-02-21T10:00:00Z,59687.0000,8021.0000,15365.0000
2015-02-21T11:00:00Z,59178.0000,8457.0000,16007.0000
2015-02-21T12:00:00Z,57274.0000,7916.0000,14965.0000
2015-02-21T13:00:00Z,55377.0000,6270.0000,13737.0000
2015-02-21T14:00:00Z,53796.0000,3958.0000,12120.0000
2015-02-21T15:00:00Z,53013.0000,1754.0000,10234.0000
2015-02-21T16:00:00Z,54707.0000,262.0000,8145.0000
2015-02-21T17:00:00Z,58267.0000,4.0000,6694.0000
2015-02-21T18:00:00Z,57300.0000,0.0000,5865.0000
2015-02-21T19:00:00Z,53612.0000,0.0000,5557.0000
2015-02-21T20:00:00Z,51120.0000,0.0000,5362.0000
2015-02-21T21:00:00Z,50722.0000,0.0000,5593.0000
2015-02-21T22:00:00Z,47964.0000,0.0000,5556.0000
2015-02-21T23:00:00Z,44720.0000,0.0000,4963.0000
2015-02-22T00:00:00Z,42571.0000,0.0000,4591.0000
2015-02-22T01:00:00Z,41787.0000,0.0000,4213.0000
2015-02-22T02:00:00Z,41308.0000,0.0000,4081.0000
2015-02-22T03:00:00Z,41240.0000,0.0000,3984.0000
2015-02-22T04:00:00Z,40525.0000,0.0000,3896.0000
2015-02-22T05:00:00Z,39770.0000,0.0000,4167.0000
2015-02-22T06:00:00Z,41269.0000,131.0000,4220.0000
2015-02-22T07:00:00Z,44536.0000,1438.0000,3936.0000
2015-02-22T08:00:00Z,48136.0000,3971.0000,3687.0000
2015-02-22T09:00:00Z,50553.0000,6975.0000,3622.0000
2015-02-22T10:00:00Z,53190.0000,8786.0000,3884.0000
2015-02-22T11:00:00Z,52532.0000,8735.0000,4498.0000
2015-02-22T12:00:00Z,50289.0000,8029.0000,5016.0000
2015-02-22T13:00:00Z,48562.0000,6719.0000,5159.0000
2015-02-22T14:00:00Z,47592.0000,4736.0000,5041.0000
2015-02-22T15:00:00Z,47308.0000,2273.0000,4668.0000
2015-02-22T16:00:00Z,50366.0000,350.0000,5179.0000
2015-02-22T17:00:00Z,55640.0000,5.0000,6358.0000
2015-02-22T18:00:00Z,55409.0000,0.0000,8514.0000
2015-02-22T19:00:00Z,52956.0000,0.0000,10752.0000
2015-02-22T20:00:00Z,51742.0000,0.0000,13209.0000
2015-02-22T21:00:00Z,52143.0000,0.0000,15279.0000
2015-02-22T22:00:00Z,49564.0000,0.0000,16732.0000
2015-02-22T23:00:00Z,46953.0000,0.0000,18294.0000
2015-02-23T00:00:00Z,45922.0000,0.0000,20109.0000
2015-02-23T01:00:00Z,45169.0000,0.0000,21043.0000
2015-02-23T02:00:00Z,45984.0000,0.0000,21982.0000
2015-02-23T03:00:00Z,47684.0000,0.0000,22691.0000
2015-02-23T04:00:00Z,51330.0000,0.0000,22706.0000
2015-02-23T05:00:00Z,59258.0000,0.0000,23328.0000
2015-02-23T06:00:00Z,64968.0000,200.0000,23078.0000
2015-02-23T07:00:00Z,68025.0000,1479.0000,21489.0000
2015-02-23T08:00:00Z,69748.0000,2812.0000,19503.0000
2015-02-23T09:00:00Z,71113.0000,3820.0000,17934.0000
2015-02-23T10:00:00Z,71989.0000,4718.0000,16323.0000
2015-02-23T11:00:00Z,71395.0000,4829.0000,14199.0000
2015-02-23T12:00:00Z,70653.0000,3706.0000,12715.0000
2015-02-23T13:00:00Z,69262.0000,2944.0000,10848.0000
2015-02-23T14:00:00Z,67413.0000,2157.0000,9493.0000
2015-02-23T15:00:00Z,66165.0000,1167.0000,8641.0000
2015-02-23T16:00:00Z,66902.0000,210.0000,8273.0000
2015-02-23T17:00:00Z,69921.0000,5.0000,8559.0000
2015-02-23T18:00:00Z,68879.0000,0.0000,9044.0000
2015-02-23T19:00:00Z,64638.0000,0.0000,9723.0000
2015-02-23T20:00:00Z,61170.0000,0.0000,10040.0000
2015-02-23T21:00:00Z,58422.0000,0.0000,10654.0000
2015-02-23T22:00:00Z,54002.0000,0.0000,11259.0000
2015-02-23T23:00:00Z,50814.0000,0.0000,12130.0000
2015-02-24T00:00:00Z,49046.0000,0.0000,12777.0000
2015-02-24T01:00:00Z,48527.0000,0.0000,13502.0000
2015-02-24T02:00:00Z,48703.0000,0.0000,14160.0000
2015-02-24T03:00:00Z,49901.0000,0.0000,14552.0000
2015-02-24T04:00:00Z,52948.0000,0.0000,15077.0000
2015-02-24T05:00:00Z,60432.0000,0.0000,15675.0000
2015-02-24T06:00:00Z,65379.0000,223.0000,16014.0000
2015-02-24T07:00:00Z,67747.0000,2078.0000,15502.0000
2015-02-24T08:00:00Z,68659.0000,4995.0000,15519.0000
2015-02-24T09:00:00Z,69824.0000,7017.0000,15494.0000
2015-02-24T10:00:00Z,70829.0000,8247.0000,16303.0000
2015-02-24T11:00:00Z,70297.0000,8340.0000,16158.0000
2015-02-24T12:00:00Z,69540.0000,7499.0000,15514.0000
2015-02-24T13:00:00Z,68187.0000,6158.0000,14102.0000
2015-02-24T14:00:00Z,66902.0000,4055.0000,12447.0000
2015-02-24T15:00:00Z,65384.0000,1833.0000,11140.0000
2015-02-24T16:00:00Z,66139.0000,355.0000,10364.0000
2015-02-24T17:00:00Z,69650.0000,6.0000,10437.0000
2015-02-24T18:00:00Z,68553.0000,0.0000,10791.0000
2015-02-24T19:00:00Z,64495.0000,0.0000,10720.0000
2015-02-24T20:00:00Z,61108.0000,0.0000,10937.0000
2015-02-24T21:00:00Z,58621.0000,0.0000,10610.0000
2015-02-24T22:00:00Z,54038.0000,0.0000,10217.0000
2015-02-24T23:00:00Z,50798.0000,0.0000,9547.0000
2015-02-25T00:00:00Z,48867.0000,0.0000,9187.0000
2015-02-25T01:00:00Z,48063.0000,0.0000,8903.0000
2015-02-25T02:00:00Z,48284.0000,0.0000,8271.0000
2015-02-25T03:00:00Z,49309.0000,0.0000,7883.0000
2015-02-25T04:00:00Z,52486.0000,0.0000,7592.0000
2015-02-25T05:00:00Z,59789.0000,0.0000,7310.0000
2015-02-25T06:00:00Z,65091.0000,262.0000,6761.0000
2015-02-25T07:00:00Z,66891.0000,2196.0000,5943.0000
2015-02-25T08:00:00Z,66627.0000,5875.0000,5033.0000
2015-02-25T09:00:00Z,67751.0000,9272.0000,4331.0000
2015-02-25T10:00:00Z,68946.0000,11126.0000,4171.0000
2015-02-25T11:00:00Z,68383.0000,11829.0000,4517.0000
2015-02-25T12:00:00Z,67623.0000,11179.0000,4338.0000
2015-02-25T13:00:00Z,66231.0000,9598.0000,3810.0000
2015-02-25T14:00:00Z,65227.0000,6948.0000,2817.0000
2015-02-25T15:00:00Z,63942.0000,3355.0000,2104.0000
2015-02-25T16:00:00Z,64948.0000,603.0000,1538.0000
2015-02-25T17:00:00Z,68857.0000,6.0000,1578.0000
2015-02-25T18:00:00Z,68159.0000,0.0000,1707.0000
2015-02-25T19:00:00Z,63997.0000,0.0000,1850.0000
2015-02-25T20:00:00Z,60917.0000,0.0000,1848.0000
2015-02-25T21:00:00Z,58181.0000,0.0000,1985.0000
2015-02-25T22:00:00Z,53705.0000,0.0000,1829.0000
2015-02-25T23:00:00Z,50240.0000,0.0000,1740.0000
2015-02-26T00:00:00Z,48407.0000,0.0000,1711.0000
2015-02-26T01:00:00Z,47567.0000,0.0000,1674.0000
2015-02-26T02:00:00Z,47841.0000,0.0000,1730.0000
2015-02-26T03:00:00Z,48911.0000,0.0000,2115.0000
2015-02-26T04:00:00Z,52093.0000,0.0000,2618.0000
2015-02-26T05:00:00Z,59972.0000,0.0000,3414.0000
2015-02-26T06:00:00Z,64824.0000,535.0000,4094.0000
2015-02-26T07:00:00Z,66556.0000,3899.0000,4233.0000
2015-02-26T08:00:00Z,66816.0000,8913.0000,3984.0000
2015-02-26T09:00:00Z,67456.0000,13091.0000,3917.0000
2015-02-26T10:00:00Z,68028.0000,16300.0000,4977.0000
2015-02-26T11:00:00Z,68324.0000,17792.0000,7111.0000
2015-02-26T12:00:00Z,68412.0000,16924.0000,8864.0000
2015-02-26T13:00:00Z,67302.0000,14040.0000,9687.0000
2015-02-26T14:00:00Z,66027.0000,9626.0000,9989.0000
2015-02-26T15:00:00Z,64925.0000,4474.0000,9486.0000
2015-02-26T16:00:00Z,65180.0000,662.0000,9651.0000
2015-02-26T17:00:00Z,68292.0000,7.0000,11690.0000
2015-02-26T18:00:00Z,68188.0000,0.0000,13871.0000
2015-02-26T19:00:00Z,64889.0000,0.0000,14472.0000
2015-02-26T20:00:00Z,62317.0000,0.0000,13665.0000
2015-02-26T21:00:00Z,59746.0000,0.0000,12576.0000
2015-02-26T22:00:00Z,55919.0000,0.0000,11510.0000
2015-02-26T23:00:00Z,52912.0000,0.0000,10466.0000
2015-02-27T00:00:00Z,51110.0000,0.0000,9460.0000
2015-02-27T01:00:00Z,49845.0000,0.0000,8701.0000
2015-02-27T02:00:00Z,49947.0000,0.0000,7781.0000
2015-02-27T03:00:00Z,51237.0000,0.0000,7334.0000
2015-02-27T04:00:00Z,53946.0000,0.0000,6935.0000
2015-02-27T05:00:00Z,60640.0000,0.0000,7045.0000
2015-02-27T06:00:00Z,65506.0000,580.0000,7102.0000
2015-02-27T07:00:00Z,67326.0000,3409.0000,6681.0000
2015-02-27T08:00:00Z,67971.0000,6419.0000,5282.0000
2015-02-27T09:00:00Z,68533.0000,8831.0000,4305.0000
2015-02-27T10:00:00Z,68861.0000,10276.0000,4141.0000
2015-02-27T11:00:00Z,68232.0000,10559.0000,4385.0000
2015-02-27T12:00:00Z,67414.0000,9654.0000,5056.0000
2015-02-27T13:00:00Z,65683.0000,7928.0000,5421.0000
2015-02-27T14:00:00Z,65149.0000,5320.0000,5459.0000
2015-02-27T15:00:00Z,64143.0000,2429.0000,4819.0000
2015-02-27T16:00:00Z,64601.0000,433.0000,4130.0000
2015-02-27T17:00:00Z,66962.0000,7.0000,3911.0000
2015-02-27T18:00:00Z,66158.0000,0.0000,4342.0000
2015-02-27T19:00:00Z,62680.0000,0.0000,4835.0000
2015-02-27T20:00:00Z,59803.0000,0.0000,4919.0000
2015-02-27T21:00:00Z,57991.0000,0.0000,4946.0000
2015-02-27T22:00:00Z,54835.0000,0.0000,4693.0000
2015-02-27T23:00:00Z,52132.0000,0.0000,4440.0000
2015-03-01T00:00:00Z,46521.0000,0.0000,19597.0000
2015-03-01T01:00:00Z,45615.0000,0.0000,19993.0000
2015-03-01T02:00:00Z,45270.0000,0.0000,20924.0000
2015-03-01T03:00:00Z,45383.0000,0.0000,21487.0000
2015-03-01T04:00:00Z,45045.0000,0.0000,22247.0000
2015-03-01T05:00:00Z,44724.0000,0.0000,23188.0000
2015-03-01T06:00:00Z,45723.0000,192.0000,23329.0000
2015-03-01T07:00:00Z,48376.0000,890.0000,22748.0000
2015-03-01T08:00:00Z,52194.0000,1950.0000,22242.0000
2015-03-01T09:00:00Z,54477.0000,3414.0000,21977.0000
2015-03-01T10:00:00Z,56525.0000,5150.0000,21857.0000
2015-03-01T11:00:00Z,56504.0000,6085.0000,21447.0000
2015-03-01T12:00:00Z,54712.0000,6257.0000,21031.0000
2015-03-01T13:00:00Z,53129.0000,5793.0000,20154.0000
2015-03-01T14:00:00Z,52025.0000,4255.0000,19358.0000
2015-03-01T15:00:00Z,51702.0000,2197.0000,18119.0000
2015-03-01T16:00:00Z,53359.0000,488.0000,16262.0000
2015-03-01T17:00:00Z,57140.0000,18.0000,14512.0000
2015-03-01T18:00:00Z,57018.0000,0.0000,13088.0000
2015-03-01T19:00:00Z,55175.0000,0.0000,12595.0000
2015-03-01T20:00:00Z,53448.0000,0.0000,13405.0000
2015-03-01T21:00:00Z,53568.0000,0.0000,13343.0000
2015-03-01T22:00:00Z,50965.0000,0.0000,12841.0000
2015-03-01T23:00:00Z,48390.0000,0.0000,14194.0000
2015-03-02T00:00:00Z,47257.0000,0.0000,15471.0000
2015-03-02T01:00:00Z,46629.0000,0.0000,17467.0000
2015-03-02T02:00:00Z,47134.0000,0.0000,19031.0000
2015-03-02T03:00:00Z,49041.0000,0.0000,21142.0000
2015-03-02T04:00:00Z,52768.0000,0.0000,22179.0000
2015-03-02T05:00:00Z,60206.0000,1.0000,23076.0000
2015-03-02T06:00:00Z,64766.0000,327.0000,23009.0000
2015-03-02T07:00:00Z,66658.0000,2221.0000,23274.0000
2015-03-02T08:00:00Z,67277.0000,5384.0000,24209.0000
2015-03-02T09:00:00Z,68507.0000,8274.0000,23704.0000
2015-03-02T10:00:00Z,69756.0000,9986.0000,23975.0000
2015-03-02T11:00:00Z,69112.0000,10678.0000,24578.0000
2015-03-02T12:00:00Z,68617.0000,9930.0000,24463.0000
2015-03-02T13:00:00Z,67480.0000,8687.0000,23265.0000
2015-03-02T14:00:00Z,67421.0000,6389.0000,22273.0000
2015-03-02T15:00:00Z,66046.0000,3026.0000,20548.0000
2015-03-02T16:00:00Z,66127.0000,682.0000,18425.0000
2015-03-02T17:00:00Z,68765.0000,16.0000,17113.0000
2015-03-02T18:00:00Z,68597.0000,0.0000,17482.0000
2015-03-02T19:00:00Z,64820.0000,0.0000,18920.0000
2015-03-02T20:00:00Z,62429.0000,0.0000,20586.0000
2015-03-02T21:00:00Z,60451.0000,0.0000,21453.0000
2015-03-02T22:00:00Z,56770.0000,0.0000,22076.0000
2015-03-02T23:00:00Z,54069.0000,0.0000,22754.0000
2015-03-03T00:00:00Z,52332.0000,0.0000,23248.0000
2015-03-03T01:00:00Z,51535.0000,0.0000,22547.0000
2015-03-03T02:00:00Z,51818.0000,0.0000,22436.0000
2015-03-03T03:00:00Z,52817.0000,0.0000,21429.0000
2015-03-03T04:00:00Z,55093.0000,0.0000,20575.0000
2015-03-03T05:00:00Z,61466.0000,2.0000,19941.0000
2015-03-03T06:00:00Z,65670.0000,938.0000,19003.0000
