rq,system,duration_h,renewable_utilization_pct,peak_reduction_pct,baseline_peak_mw,optimized_peak_mw,baseline_curtailment_mwh,curtailed_renewable_mwh,curtailment_avoided_mwh,energy_from_storage_mwh,energy_into_storage_mwh,equivalent_battery_cycles,baseline_ramp_volatility_mw,optimized_ramp_volatility_mw,volatility_reduction_pct,flex_pct,penetration,scenario,lp_peak_reduction_pct,heuristic_peak_reduction_pct
1,Morocco (Tétouan),0.0,48.01557506134572,0.0,101.56892910221273,101.56892910221273,37986.27303001973,37986.27303001973,0.0,0.0,0.0,0.0,35.491224136670695,35.491224136670695,0.0,,,,,
1,Morocco (Tétouan),1.0,48.505044890535366,0.0,101.56892910221273,101.56892910221273,37986.27303001973,37628.60562110838,357.66740891135123,324.46817085586713,357.6674089113471,50.409341134467454,35.491224136670695,35.16366420887547,0.9229321776387602,,,,,
1,Morocco (Tétouan),2.0,48.97319831463433,0.0,101.56892910221273,101.56892910221273,37986.27303001973,37286.51462349231,699.7584065274204,634.9175715459849,699.7584065274172,49.315809553315745,35.491224136670695,34.932247627937166,1.5749710592708934,,,,,
1,Morocco (Tétouan),4.0,49.87688043761323,0.6026900189731228,101.56892910221273,100.95678330413581,37986.27303001973,36626.17230180012,1360.1007282196078,1234.360666740265,1360.1007282196065,47.93221956087169,35.491224136670695,34.44703022135129,2.942118624306646,,,,,
1,Morocco (Tétouan),8.0,51.18324973829089,0.6026900189731228,101.56892910221273,100.95678330413581,37986.27303001973,35671.57674760984,2314.696282409888,2093.9489488963704,2314.6962824098764,40.72447398976029,35.491224136670695,34.01152426400393,4.169199312395341,,,,,
1,Morocco (Tétouan),12.0,51.326822585605264,0.6026900189731228,101.56892910221273,100.95678330413581,37986.27303001973,35566.66460547848,2419.6084245412494,2176.816114054156,2419.608424541245,28.30604592369106,35.491224136670695,33.978124957952005,4.263305128310034,,,,,
1,Germany,0.0,81.57630769582447,0.0,69007.30440194871,69007.30440194871,11426505.74250887,11426505.74250887,0.0,0.0,0.0,0.0,4681.173159779079,4681.173159779079,0.0,,,,,
1,Germany,1.0,81.65087105355008,0.0,69007.30440194871,69007.30440194871,11426505.74250887,11380261.014733035,46244.7277758345,39168.67096946585,46244.72777583343,7.436746760585225,4681.173159779079,4689.047368094793,-0.16821014833139816,,,,,
1,Germany,2.0,81.72163189625445,0.0,69007.30440194871,69007.30440194871,11426505.74250887,11336374.63397085,90131.1085380204,76214.82962664994,90131.10853802046,7.241677739996882,4681.173159779079,4674.118549430728,0.1507017601690937,,,,,
1,Germany,4.0,81.86156285843428,0.0,69007.30440194871,69007.30440194871,11426505.74250887,11249588.450370718,176917.29213815182,149419.2268092003,176917.29213815258,7.1033411788801715,4681.173159779079,4591.918908322507,1.9066641717817465,,,,,
1,Germany,8.0,82.06767702938502,0.0,69007.30440194871,69007.30440194871,11426505.74250887,11121754.967315452,304750.77519341744,254663.0254437995,304750.77519341506,6.088357960852763,4681.173159779079,4537.186171951086,3.0758739938342217,,,,,
1,Germany,12.0,82.25116721460466,0.0,69007.30440194871,69007.30440194871,11426505.74250887,11007953.042028677,418552.7004801929,347278.4220867597,418552.7004801897,5.556595143509366,4681.173159779079,4539.712960137299,3.0218963241354566,,,,,
2,Morocco (Tétouan),0.0,48.01557506134572,0.0,101.56892910221273,101.56892910221273,37986.27303001973,37986.27303001973,0.0,0.0,0.0,0.0,35.491224136670695,35.491224136670695,0.0,0.0,,,,
2,Morocco (Tétouan),2.0,48.97319831463433,0.0,101.56892910221273,101.56892910221273,37986.27303001973,37286.51462349231,699.7584065274204,634.9175715459849,699.7584065274172,49.315809553315745,35.491224136670695,34.932247627937166,1.5749710592708934,0.0,,,,
2,Morocco (Tétouan),4.0,49.87688043761323,0.6026900189731228,101.56892910221273,100.95678330413581,37986.27303001973,36626.17230180012,1360.1007282196078,1234.360666740265,1360.1007282196065,47.93221956087169,35.491224136670695,34.44703022135129,2.942118624306646,0.0,,,,
2,Morocco (Tétouan),8.0,51.18324973829089,0.6026900189731228,101.56892910221273,100.95678330413581,37986.27303001973,35671.57674760984,2314.696282409888,2093.9489488963704,2314.6962824098764,40.72447398976029,35.491224136670695,34.01152426400393,4.169199312395341,0.0,,,,
2,Morocco (Tétouan),0.0,50.0798094453604,5.001474153302517,101.56892910221273,96.4889853653794,37986.27303001973,36477.887181726335,1508.3858482933938,0.0,0.0,0.0,35.491224136670695,33.7472351869883,4.913859671243208,5.0,,,,
2,Morocco (Tétouan),2.0,51.03492279650431,5.001474153302517,101.56892910221273,96.4889853653794,37986.27303001973,35779.96282122828,2206.310208791452,633.2669301195629,697.9243604980594,49.18705157329266,35.491224136670695,33.21284869787482,6.419545941898872,5.0,,,,
2,Morocco (Tétouan),4.0,51.93605852413021,5.5738089044072945,101.56892910221273,95.90767108780247,37986.27303001973,35121.48121203287,2864.7918179868575,1231.0353840667372,1356.4059696934646,47.802525530055654,35.491224136670695,32.74874577664286,7.727201376506518,5.0,,,,
2,Morocco (Tétouan),8.0,53.19792481735195,5.5738089044072945,101.56892910221273,95.90767108780247,37986.27303001973,34199.4050786859,3786.8679513338284,2061.3561874638767,2278.4821030404382,40.08887590373035,35.491224136670695,32.32500605564,8.921129541314558,5.0,,,,
2,Morocco (Tétouan),0.0,52.12938421500094,10.002948306605049,101.56892910221273,91.40904162854606,37986.27303001973,34980.213467207395,3006.0595628123338,0.0,0.0,0.0,35.491224136670695,32.102603108345214,9.547771627364767,10.0,,,,
2,Morocco (Tétouan),2.0,53.07120494744219,10.002948306605049,101.56892910221273,91.40904162854606,37986.27303001973,34292.00234377831,3694.2706862414198,624.5250167574867,688.211123429086,48.50514023384592,35.491224136670695,31.584128047376048,11.008625890865533,10.0,,,,
2,Morocco (Tétouan),4.0,53.95793463257777,10.544927789841452,101.56892910221273,90.85855887146914,37986.27303001973,33644.047577266356,4342.225452753373,1212.8193122895568,1336.165889941042,47.092054870455954,35.491224136670695,31.163512390716544,12.193751698416671,10.0,,,,
2,Morocco (Tétouan),8.0,55.15044126419197,10.544927789841452,101.56892910221273,90.85855887146914,37986.27303001973,32772.65422142829,5213.61880859144,1996.4264692691477,2207.5592457791054,38.833949642865605,35.491224136670695,30.74840891834758,13.363346386868308,10.0,,,,
2,Morocco (Tétouan),0.0,54.14519759165776,15.004422459907568,101.56892910221273,86.32909789171273,37986.27303001973,33507.21001677749,4479.0630132422375,0.0,0.0,0.0,35.491224136670695,30.573366210110073,13.856546360933576,15.0,,,,
2,Morocco (Tétouan),2.0,55.069532416263996,15.004422459907568,101.56892910221273,86.32909789171273,37986.27303001973,32831.77626791747,5154.496762102259,613.0253796453364,675.43374886003,47.60811316191031,35.491224136670695,30.072116084493516,15.26886768207575,15.0,,,,
2,Morocco (Tétouan),4.0,55.92386621294529,15.004422459907568,101.56892910221273,86.32909789171273,37986.27303001973,32207.493958402527,5778.779071617202,1180.0144638800916,1299.7160583749696,45.812586795635475,35.491224136670695,29.693084895610834,16.33682517890115,15.0,,,,
2,Morocco (Tétouan),8.0,56.992803117278115,15.488879760922602,101.56892910221273,85.83703979911428,37986.27303001973,31426.39598246517,6559.877047554561,1879.3476369565794,2080.8140343123277,36.581646405023065,35.491224136670695,29.304531115039506,17.43161351044777,15.0,,,,
2,Morocco (Tétouan),0.0,56.09551166145634,20.005896613210084,101.56892910221273,81.2491541548794,37986.27303001973,32082.06848953959,5904.204540480139,0.0,0.0,0.0,35.491224136670695,29.177674136616773,17.789045471470665,20.0,,,,
2,Morocco (Tétouan),2.0,56.999058605021,20.005896613210084,101.56892910221273,81.2491541548794,37986.27303001973,31421.824946705558,6564.4480833141715,599.3541942219395,660.2435428340334,46.54169486447713,35.491224136670695,28.689116888256716,19.165603367807815,20.0,,,,
2,Morocco (Tétouan),4.0,57.847474329740685,20.005896613210084,101.56892910221273,81.2491541548794,37986.27303001973,30801.867115101268,7184.405914918461,1162.4512483371086,1280.2013744383216,45.12757910110353,35.491224136670695,28.326257244016126,20.187995953770134,20.0,,,,
2,Morocco (Tétouan),8.0,58.94761754169388,20.005896613210084,101.56892910221273,81.2491541548794,37986.27303001973,29997.96593757179,7988.30709244794,1881.4682615611614,2084.1025519677996,36.63161288264123,35.491224136670695,27.909929595177925,21.36103987931915,20.0,,,,
2,Germany,0.0,81.57630769582447,0.0,69007.30440194871,69007.30440194871,11426505.74250887,11426505.74250887,0.0,0.0,0.0,0.0,4681.173159779079,4681.173159779079,0.0,0.0,,,,
2,Germany,2.0,81.72163189625445,0.0,69007.30440194871,69007.30440194871,11426505.74250887,11336374.63397085,90131.1085380204,76214.82962664994,90131.10853802046,7.241677739996882,4681.173159779079,4674.118549430728,0.1507017601690937,0.0,,,,
2,Germany,4.0,81.86156285843428,0.0,69007.30440194871,69007.30440194871,11426505.74250887,11249588.450370718,176917.29213815182,149419.2268092003,176917.29213815258,7.1033411788801715,4681.173159779079,4591.918908322507,1.9066641717817465,0.0,,,,
2,Germany,8.0,82.06767702938502,0.0,69007.30440194871,69007.30440194871,11426505.74250887,11121754.967315452,304750.77519341744,254663.0254437995,304750.77519341506,6.088357960852763,4681.173159779079,4537.186171951086,3.0758739938342217,0.0,,,,
2,Germany,0.0,82.1817569425945,5.123225766662702,69007.30440194871,65471.90440194871,11426505.74250887,11051001.789186351,375503.9533225186,0.0,0.0,0.0,4681.173159779079,4262.382401561408,8.946277865043442,5.0,,,,
2,Germany,2.0,82.31649736798433,5.123225766662702,69007.30440194871,65471.90440194871,11426505.74250887,10967434.813628696,459070.9288801737,70307.10994432076,83566.97555765475,6.69873008043605,4681.173159779079,4242.550297645681,9.369934569010853,5.0,,,,
2,Germany,4.0,82.44142685579345,5.123225766662702,69007.30440194871,65471.90440194871,11426505.74250887,10889952.651731318,536553.0907775518,135137.88759439293,161049.13745503325,6.447079531491301,4681.173159779079,4177.69700912989,10.755341310060606,5.0,,,,
2,Germany,8.0,82.6360727334299,5.123225766662702,69007.30440194871,65471.90440194871,11426505.74250887,10769231.886216553,657273.8562923167,233980.2404425445,281769.9029697983,5.613146275402418,4681.173159779079,4128.820373321576,11.799452137411855,5.0,,,,
2,Germany,0.0,82.68788754334692,7.5841468813532025,69007.30440194871,63773.68907724241,11426505.74250887,10737095.970500588,689409.7720082812,0.0,0.0,0.0,4681.173159779079,4593.367027848925,1.8757292014871145,10.0,,,,
2,Germany,2.0,82.81281703115604,7.5841468813532025,69007.30440194871,63773.68907724241,11426505.74250887,10659613.808603212,766891.9339056574,64830.77765007215,77482.16189737851,6.1954289825465505,4681.173159779079,4536.900044359516,3.0819862990578066,10.0,,,,
2,Germany,4.0,82.92161074779943,7.5841468813532025,69007.30440194871,63773.68907724241,11426505.74250887,10592139.167393913,834366.5751149561,120654.78668087174,144956.80310667638,5.781546452145922,4681.173159779079,4492.396055897996,4.0326879061656316,10.0,,,,
2,Germany,8.0,83.11193712671916,7.5841468813532025,69007.30440194871,63773.68907724241,11426505.74250887,10474097.38587847,952408.3566303998,217086.0539296345,262998.5846221206,5.224982164687866,4681.173159779079,4447.403683981308,4.9938224419111865,10.0,,,,
2,Germany,0.0,83.10924459418914,-2.1719371782407166,69007.30440194871,70506.09970195638,11426505.74250887,10475767.31381194,950738.4286969304,0.0,0.0,0.0,4681.173159779079,5541.365616705311,-18.37557440337944,15.0,,,,
2,Germany,2.0,83.2175818843986,-2.1719371782407166,69007.30440194871,70506.09970195638,11426505.74250887,10408575.751541559,1017929.990967311,55569.23798577613,67191.56227038291,5.344249245684561,4681.173159779079,5481.396110615925,-17.09449583519811,15.0,,,,
2,Germany,4.0,83.32591917460807,-2.1719371782407166,69007.30440194871,70506.09970195638,11426505.74250887,10341384.189271176,1085121.5532376934,111138.47597155227,134383.12454076583,5.344249245684561,4681.173159779079,5446.569211933374,-16.350517830244453,15.0,,,,
2,Germany,8.0,83.51012680396586,-2.1719371782407166,69007.30440194871,70506.09970195638,11426505.74250887,10227137.29999841,1199368.4425104596,204154.34020190392,248630.01381353103,4.9278605983251484,4681.173159779079,5410.681427160291,-15.5838770000903,15.0,,,,
2,Germany,0.0,83.43187165756936,-19.302642982448727,69007.30440194871,82327.5380024685,11426505.74250887,10275671.701513452,1150834.0409954172,0.0,0.0,0.0,4681.173159779079,6855.001128633236,-46.43767480194533,20.0,,,,
2,Germany,2.0,83.54020894777884,-19.302642982448727,69007.30440194871,82327.5380024685,11426505.74250887,10208480.13924307,1218025.6032657996,55569.23798577613,67191.56227038291,5.344249245684561,4681.173159779079,6788.017747490398,-45.006764667743006,20.0,,,,
2,Germany,4.0,83.64307687784398,-19.302642982448727,69007.30440194871,82327.5380024685,11426505.74250887,10144680.713253796,1281825.0292550735,108085.55331855372,130990.98825965634,5.203960157982596,4681.173159779079,6750.805865917266,-44.21183826141267,20.0,,,,
2,Germany,8.0,83.82656706306362,-19.302642982448727,69007.30440194871,82327.5380024685,11426505.74250887,10030878.787967023,1395626.954541847,200700.94996151392,244792.91354643102,4.848514833402585,4681.173159779079,6685.075700620282,-42.80769953264824,20.0,,,,
3,Morocco (Tétouan),,93.92598634984863,0.0,101.58889285851535,101.58889285851535,1479.4760877897259,1479.4760877897259,0.0,0.0,0.0,0.0,13.095366262551352,13.095366262551352,0.0,,25.0,none,,
3,Morocco (Tétouan),,98.7893269012003,10.000982575739384,101.58889285851535,91.42900538484868,1479.4760877897259,294.8893438459465,1184.5867439437793,258.9223987695118,276.28043047432544,9.887778469454583,13.095366262551352,9.545264764210884,27.109600656933488,,25.0,storage+flex,,
3,Morocco (Tétouan),,64.3010885731497,0.0,101.57891098036404,101.57891098036404,17390.703695515134,17390.703695515134,0.0,0.0,0.0,0.0,24.048342160783438,24.048342160783438,0.0,,50.0,none,,
3,Morocco (Tétouan),,71.93121153170031,10.001965344588754,101.57891098036404,91.41902350669737,17390.703695515134,13673.69378600013,3717.0099095150035,1001.2051913270564,1101.039088871597,38.838594632712606,24.048342160783438,19.59917908583457,18.500913889208917,,50.0,storage+flex,,
3,Morocco (Tétouan),,48.01557506134572,0.0,101.56892910221273,101.56892910221273,37986.27303001973,37986.27303001973,0.0,0.0,0.0,0.0,35.491224136670695,35.491224136670695,0.0,,75.0,none,,
3,Morocco (Tétouan),,53.95793463257777,10.544927789841452,101.56892910221273,90.85855887146914,37986.27303001973,33644.047577266356,4342.225452753373,1212.8193122895568,1336.165889941042,47.092054870455954,35.491224136670695,31.163512390716544,12.193751698416671,,75.0,storage+flex,,
3,Morocco (Tétouan),,38.36674712501917,0.0,101.55894722406143,101.55894722406143,60049.2057431969,60049.2057431969,0.0,0.0,0.0,0.0,47.06804975418267,47.06804975418267,0.0,,100.0,none,,
3,Morocco (Tétouan),,42.996835658879846,12.046951695108088,101.55894722406143,89.32418990991843,60049.2057431969,55538.11593356135,4511.089809635552,1282.8114281732533,1413.9349075895939,49.82191591552291,47.06804975418267,42.946453728846656,8.756674744038547,,100.0,storage+flex,,
3,Morocco (Tétouan),,31.876409901494636,0.0,101.54896534591012,101.54896534591012,82965.91707743026,82965.91707743026,0.0,0.0,0.0,0.0,58.69962275441444,58.69962275441444,0.0,,125.0,none,,
3,Morocco (Tétouan),,35.595143768871424,12.046663795964186,101.54896534591012,89.31570290240815,82965.91707743026,78436.96953917385,4528.947538256412,1295.769248558555,1428.3324857954844,50.32730211012785,58.69962275441444,54.78838406864468,6.663141093995565,,125.0,storage+flex,,
3,Germany,,100.0,0.0,70141.10146731624,70141.10146731624,0.0,0.0,0.0,0.0,0.0,0.0,2783.259525963356,2783.259525963356,0.0,,25.0,none,,
3,Germany,,100.0,3.8351013074520264,70141.10146731624,67451.11916788195,0.0,0.0,0.0,8716.74321345508,0.0,0.18973665961010275,2783.259525963356,3636.120277873542,-30.642516227982355,,25.0,storage+flex,,
3,Germany,,95.37768404571625,0.0,69574.20293463247,69574.20293463247,1911195.610641102,1911195.610641102,0.0,0.0,0.0,0.0,3556.33927029904,3556.33927029904,0.0,,50.0,none,,
3,Germany,,96.36640744620514,5.473242147590686,69574.20293463247,65766.23833576389,1911195.610641102,1502386.7274228812,408808.8832182209,55569.23798577613,72639.52677879234,2.790710035098595,3556.33927029904,3910.5345940144084,-9.95954819815561,,50.0,storage+flex,,
3,Germany,,81.57630769582447,0.0,69007.30440194871,69007.30440194871,11426505.74250887,11426505.74250887,0.0,0.0,0.0,0.0,4681.173159779079,4681.173159779079,0.0,,75.0,none,,
3,Germany,,82.92161074779943,7.5841468813532025,69007.30440194871,63773.68907724241,11426505.74250887,10592139.167393913,834366.5751149561,120654.78668087174,144956.80310667638,5.781546452145922,4681.173159779079,4492.396055897996,4.0326879061656316,,75.0,storage+flex,,
3,Germany,,70.0682251789391,0.0,68440.40586926494,68440.40586926494,24751867.77472183,24751867.77472183,0.0,0.0,0.0,0.0,5961.881668396359,5961.881668396359,0.0,,100.0,none,,
3,Germany,,71.14325656097499,9.0031909581484,68440.40586926494,62278.585436323214,24751867.77472183,23862878.238321006,888989.5364008248,129866.7342059052,155192.3003567136,6.20485744332875,5961.881668396359,5487.156441365353,7.962674427899174,,100.0,storage+flex,,
3,Germany,,61.026395065841065,0.0,67873.50733658118,67873.50733658118,40286180.898124434,40286180.898124434,0.0,0.0,0.0,0.0,7317.0691970108255,7317.0691970108255,0.0,,125.0,none,,
3,Germany,,62.0633689870158,10.21906953829627,67873.50733658118,60937.46642377533,40286180.898124434,39214283.1600102,1071897.7381142303,187215.20204143086,218912.82017396428,8.840156515137632,7317.0691970108255,6608.518419235225,9.68353255515279,,125.0,storage+flex,,
4,Morocco (Tétouan),2.0,,,,,,,,,,,,,,,,,4.911526801010858,0.0
4,Morocco (Tétouan),4.0,,,,,,,,,,,,,,,,,6.66145051393237,0.6026900189731228
4,Morocco (Tétouan),8.0,,,,,,,,,,,,,,,,,6.66145051393237,0.6026900189731228
4,Morocco (Tétouan),12.0,,,,,,,,,,,,,,,,,6.66145051393237,0.6026900189731228
4,Germany,2.0,,,,,,,,,,,,,,,,,5.513998285068951,0.0
4,Germany,4.0,,,,,,,,,,,,,,,,,7.23131331046179,0.0
4,Germany,8.0,,,,,,,,,,,,,,,,,8.321812894951497,0.0
4,Germany,12.0,,,,,,,,,,,,,,,,,8.321812894951497,0.0
